0,35,nsp15 Severe acute respiratory syndrome coronavirus 2,RIG-I Pan troglodytes,0.9976938329178936,strong,interacts,likely
0,40,nsp15 Severe acute respiratory syndrome coronavirus 2,RIG-I Mus musculus,0.9713104770391451,strong,interacts,likely
0,64,nsp15 Severe acute respiratory syndrome coronavirus 2,IRF3 Rattus norvegicus,0.996775990965403,strong,interacts,likely
0,66,nsp15 Severe acute respiratory syndrome coronavirus 2,IRF3 Mus musculus,0.92719407329155,strong,interacts,likely
1,34,nsp15 Severe acute respiratory syndrome-related coronavirus,RIG-I Homo sapiens,0.9774475331022038,strong,interacts,likely
1,36,nsp15 Severe acute respiratory syndrome-related coronavirus,RIG-I Macaca mulatta,0.6973844010457724,strong,interacts,likely
1,37,nsp15 Severe acute respiratory syndrome-related coronavirus,RIG-I Rhinolophus ferrumequinum,0.8266223397470908,strong,interacts,likely
1,38,nsp15 Severe acute respiratory syndrome-related coronavirus,RIG-I Canis lupus familiaris,0.9608052240745714,strong,interacts,likely
1,57,nsp15 Severe acute respiratory syndrome-related coronavirus,IRF3 Macaca mulatta,0.7923858000613837,strong,interacts,likely
1,60,nsp15 Severe acute respiratory syndrome-related coronavirus,IRF3 Camelus dromedarius,0.9038355254802184,strong,interacts,likely
1,65,nsp15 Severe acute respiratory syndrome-related coronavirus,IRF3 Mesocricetus auratus,0.8699359278094256,strong,interacts,likely
1,242,nsp15 Severe acute respiratory syndrome-related coronavirus,MAVS Mesocricetus auratus,0.9934156572626727,strong,interacts,likely
1,245,nsp15 Severe acute respiratory syndrome-related coronavirus,MAVS Gallus gallus,0.9861726799234604,strong,interacts,likely
4,42,STAT1 Pan troglodytes,ORF4b Middle East respiratory syndrome-related coronavirus,0.9961455124541059,strong,interacts,likely
4,100,STAT1 Pan troglodytes,ORF4a Middle East respiratory syndrome-related coronavirus,0.9920690779822858,strong,interacts,likely
4,154,STAT1 Pan troglodytes,ORF3b Severe acute respiratory syndrome-related coronavirus,0.8129870560985819,strong,interacts,likely
5,42,STAT1 Macaca mulatta,ORF4b Middle East respiratory syndrome-related coronavirus,0.6663198925227762,strong,interacts,likely
6,42,STAT1 Felis catus,ORF4b Middle East respiratory syndrome-related coronavirus,0.9992406845584126,strong,interacts,likely
6,100,STAT1 Felis catus,ORF4a Middle East respiratory syndrome-related coronavirus,0.995887410958294,strong,interacts,likely
6,209,STAT1 Felis catus,M protein Middle East respiratory syndrome-related coronavirus,0.9852097127340009,strong,interacts,likely
7,45,STAT1 Camelus dromedarius,nsp1 Severe acute respiratory syndrome-related coronavirus,0.9916598842342763,strong,interacts,likely
7,154,STAT1 Camelus dromedarius,ORF3b Severe acute respiratory syndrome-related coronavirus,0.9968046979618037,strong,interacts,likely
7,170,STAT1 Camelus dromedarius,ORF6 Severe acute respiratory syndrome-related coronavirus,0.993934231655473,strong,interacts,likely
9,42,STAT1 Canis lupus familiaris,ORF4b Middle East respiratory syndrome-related coronavirus,0.8193263822593748,strong,interacts,likely
9,154,STAT1 Canis lupus familiaris,ORF3b Severe acute respiratory syndrome-related coronavirus,0.5262482494584888,strong,interacts,likely
10,42,STAT1 Rhinolophus ferrumequinum,ORF4b Middle East respiratory syndrome-related coronavirus,0.9429880280849995,strong,interacts,likely
10,100,STAT1 Rhinolophus ferrumequinum,ORF4a Middle East respiratory syndrome-related coronavirus,0.8952371502892424,strong,interacts,likely
10,209,STAT1 Rhinolophus ferrumequinum,M protein Middle East respiratory syndrome-related coronavirus,0.81422283797208,strong,interacts,likely
19,42,IRF9 Macaca mulatta,ORF4b Middle East respiratory syndrome-related coronavirus,0.9078982980797677,strong,interacts,likely
19,100,IRF9 Macaca mulatta,ORF4a Middle East respiratory syndrome-related coronavirus,0.8053915485378194,strong,interacts,likely
20,42,IRF9 Pan troglodytes,ORF4b Middle East respiratory syndrome-related coronavirus,0.86625644106681,strong,interacts,likely
20,100,IRF9 Pan troglodytes,ORF4a Middle East respiratory syndrome-related coronavirus,0.9135579916702515,strong,interacts,likely
21,42,IRF9 Felis catus,ORF4b Middle East respiratory syndrome-related coronavirus,0.9946663766445465,strong,interacts,likely
21,100,IRF9 Felis catus,ORF4a Middle East respiratory syndrome-related coronavirus,0.9954556331498396,strong,interacts,likely
21,209,IRF9 Felis catus,M protein Middle East respiratory syndrome-related coronavirus,0.9798661331332206,strong,interacts,likely
24,42,IRF9 Equus caballus,ORF4b Middle East respiratory syndrome-related coronavirus,0.9881396596343972,strong,interacts,likely
24,100,IRF9 Equus caballus,ORF4a Middle East respiratory syndrome-related coronavirus,0.9604035852724677,strong,interacts,likely
25,42,IRF9 Rhinolophus ferrumequinum,ORF4b Middle East respiratory syndrome-related coronavirus,0.908673258221026,strong,interacts,likely
25,100,IRF9 Rhinolophus ferrumequinum,ORF4a Middle East respiratory syndrome-related coronavirus,0.9423099387464584,strong,interacts,likely
25,209,IRF9 Rhinolophus ferrumequinum,M protein Middle East respiratory syndrome-related coronavirus,0.9600627002463307,strong,interacts,likely
26,42,IRF9 Ovis aries,ORF4b Middle East respiratory syndrome-related coronavirus,0.8351368038771375,strong,interacts,likely
35,71,RIG-I Pan troglodytes,N protein Severe acute respiratory syndrome-related coronavirus,0.9918645991389439,strong,interacts,likely
35,171,RIG-I Pan troglodytes,ORF6 Severe acute respiratory syndrome coronavirus 2,0.9857972930656227,strong,interacts,likely
36,71,RIG-I Macaca mulatta,N protein Severe acute respiratory syndrome-related coronavirus,0.9962719712676187,strong,interacts,likely
38,71,RIG-I Canis lupus familiaris,N protein Severe acute respiratory syndrome-related coronavirus,0.9180620805386126,strong,interacts,likely
38,154,RIG-I Canis lupus familiaris,ORF3b Severe acute respiratory syndrome-related coronavirus,0.923308097070848,strong,interacts,likely
39,71,RIG-I Mesocricetus auratus,N protein Severe acute respiratory syndrome-related coronavirus,0.9942915390595333,strong,interacts,likely
39,154,RIG-I Mesocricetus auratus,ORF3b Severe acute respiratory syndrome-related coronavirus,0.9790355718773789,strong,interacts,likely
42,56,ORF4b Middle East respiratory syndrome-related coronavirus,IRF3 Pan troglodytes,0.8272056396908656,strong,interacts,likely
42,59,ORF4b Middle East respiratory syndrome-related coronavirus,IRF3 Rhinolophus ferrumequinum,0.9985153741725996,strong,interacts,likely
42,104,ORF4b Middle East respiratory syndrome-related coronavirus,NF-kB Macaca mulatta,0.9655316675635394,strong,interacts,likely
42,105,ORF4b Middle East respiratory syndrome-related coronavirus,NF-kB Bos taurus,0.7856263495181166,strong,interacts,likely
42,106,ORF4b Middle East respiratory syndrome-related coronavirus,NF-kB Rhinolophus ferrumequinum,0.9509215691442885,strong,interacts,likely
42,113,ORF4b Middle East respiratory syndrome-related coronavirus,NF-kB Gallus gallus,0.8207428096822486,strong,interacts,likely
42,116,ORF4b Middle East respiratory syndrome-related coronavirus,IRF7 Pan troglodytes,0.9952796626646856,strong,interacts,likely
42,129,ORF4b Middle East respiratory syndrome-related coronavirus,MDA5 Homo sapiens,0.8856688443015753,strong,interacts,likely
42,137,ORF4b Middle East respiratory syndrome-related coronavirus,MDA5 Rattus norvegicus,0.8056473004053617,strong,interacts,likely
42,175,ORF4b Middle East respiratory syndrome-related coronavirus,STAT2 Felis catus,0.9975866038236367,strong,interacts,likely
42,178,ORF4b Middle East respiratory syndrome-related coronavirus,STAT2 Rhinolophus ferrumequinum,0.9978732960022401,strong,interacts,likely
42,223,ORF4b Middle East respiratory syndrome-related coronavirus,TBK1 Ovis aries,0.598770928666568,strong,interacts,likely
42,230,ORF4b Middle East respiratory syndrome-related coronavirus,TBK1 Gallus gallus,0.9925631894964195,strong,interacts,likely
42,236,ORF4b Middle East respiratory syndrome-related coronavirus,MAVS Bos taurus,0.798444372863937,strong,interacts,likely
42,237,ORF4b Middle East respiratory syndrome-related coronavirus,MAVS Rhinolophus ferrumequinum,0.964476852552627,strong,interacts,likely
42,238,ORF4b Middle East respiratory syndrome-related coronavirus,MAVS Felis catus,0.6739251658677796,strong,interacts,likely
42,242,ORF4b Middle East respiratory syndrome-related coronavirus,MAVS Mesocricetus auratus,0.9966557839967337,strong,interacts,likely
42,245,ORF4b Middle East respiratory syndrome-related coronavirus,MAVS Gallus gallus,0.9983757473316548,strong,interacts,likely
45,66,nsp1 Severe acute respiratory syndrome-related coronavirus,IRF3 Mus musculus,0.8448222683998237,strong,interacts,likely
50,164,Spike Middle East respiratory syndrome-related coronavirus,DPP4 Rhinolophus ferrumequinum,0.9909525493594629,strong,interacts,likely
51,87,Spike Severe acute respiratory syndrome coronavirus 2,ACE2 Oryctolagus cuniculus,0.7088879195364198,strong,interacts,likely
51,93,Spike Severe acute respiratory syndrome coronavirus 2,ACE2 Ovis aries,0.9956795022010567,strong,interacts,likely
51,94,Spike Severe acute respiratory syndrome coronavirus 2,ACE2 Mus musculus,0.862014761497063,strong,interacts,likely
51,96,Spike Severe acute respiratory syndrome coronavirus 2,ACE2 Rattus norvegicus,0.9649730639458337,strong,interacts,likely
52,85,Spike Severe acute respiratory syndrome-related coronavirus,ACE2 Macaca mulatta,0.8344391312170583,strong,interacts,likely
52,91,Spike Severe acute respiratory syndrome-related coronavirus,ACE2 Mesocricetus auratus,0.9240748986794138,strong,interacts,likely
52,93,Spike Severe acute respiratory syndrome-related coronavirus,ACE2 Ovis aries,0.9683649567196075,strong,interacts,likely
52,96,Spike Severe acute respiratory syndrome-related coronavirus,ACE2 Rattus norvegicus,0.8765264407994706,strong,interacts,likely
53,89,Spike Human coronavirus NL63,ACE2 Felis catus,0.8677151326168842,strong,interacts,likely
53,91,Spike Human coronavirus NL63,ACE2 Mesocricetus auratus,0.7318111174593183,strong,interacts,likely
53,93,Spike Human coronavirus NL63,ACE2 Ovis aries,0.8147539543573229,strong,interacts,likely
56,100,IRF3 Pan troglodytes,ORF4a Middle East respiratory syndrome-related coronavirus,0.5570259129345707,strong,interacts,likely
56,187,IRF3 Pan troglodytes,PLpro Middle East respiratory syndrome-related coronavirus,0.7376408927172101,strong,interacts,likely
56,188,IRF3 Pan troglodytes,PLpro Severe acute respiratory syndrome-related coronavirus,0.8077938778558902,strong,interacts,likely
56,211,IRF3 Pan troglodytes,M protein Severe acute respiratory syndrome-related coronavirus,0.7861824852393533,strong,interacts,likely
57,187,IRF3 Macaca mulatta,PLpro Middle East respiratory syndrome-related coronavirus,0.7822278380415526,strong,interacts,likely
59,100,IRF3 Rhinolophus ferrumequinum,ORF4a Middle East respiratory syndrome-related coronavirus,0.9839574839622551,strong,interacts,likely
59,187,IRF3 Rhinolophus ferrumequinum,PLpro Middle East respiratory syndrome-related coronavirus,0.9796038354510899,strong,interacts,likely
59,209,IRF3 Rhinolophus ferrumequinum,M protein Middle East respiratory syndrome-related coronavirus,0.9819943245812575,strong,interacts,likely
60,170,IRF3 Camelus dromedarius,ORF6 Severe acute respiratory syndrome-related coronavirus,0.8086332667465199,strong,interacts,likely
60,188,IRF3 Camelus dromedarius,PLpro Severe acute respiratory syndrome-related coronavirus,0.9955315082759666,strong,interacts,likely
60,211,IRF3 Camelus dromedarius,M protein Severe acute respiratory syndrome-related coronavirus,0.9649183892658608,strong,interacts,likely
64,171,IRF3 Rattus norvegicus,ORF6 Severe acute respiratory syndrome coronavirus 2,0.9138924569200881,strong,interacts,likely
71,172,N protein Severe acute respiratory syndrome-related coronavirus,STAT2 Homo sapiens,0.9875631727068686,strong,interacts,likely
71,175,N protein Severe acute respiratory syndrome-related coronavirus,STAT2 Felis catus,0.9626325604162552,strong,interacts,likely
71,178,N protein Severe acute respiratory syndrome-related coronavirus,STAT2 Rhinolophus ferrumequinum,0.9727783502666767,strong,interacts,likely
71,183,N protein Severe acute respiratory syndrome-related coronavirus,STAT2 Rattus norvegicus,0.7739499581707836,strong,interacts,likely
71,185,N protein Severe acute respiratory syndrome-related coronavirus,STAT2 Mus musculus,0.8607453998078686,strong,interacts,likely
71,242,N protein Severe acute respiratory syndrome-related coronavirus,MAVS Mesocricetus auratus,0.905844092648951,strong,interacts,likely
71,245,N protein Severe acute respiratory syndrome-related coronavirus,MAVS Gallus gallus,0.9905819166760592,strong,interacts,likely
100,134,ORF4a Middle East respiratory syndrome-related coronavirus,MDA5 Felis catus,0.9173714903742822,strong,interacts,likely
100,175,ORF4a Middle East respiratory syndrome-related coronavirus,STAT2 Felis catus,0.9956242193090105,strong,interacts,likely
100,178,ORF4a Middle East respiratory syndrome-related coronavirus,STAT2 Rhinolophus ferrumequinum,0.9854377723427952,strong,interacts,likely
100,216,ORF4a Middle East respiratory syndrome-related coronavirus,TBK1 Homo sapiens,0.8571735132399798,strong,interacts,likely
100,227,ORF4a Middle East respiratory syndrome-related coronavirus,TBK1 Mus musculus,0.9532958419751076,strong,interacts,likely
100,228,ORF4a Middle East respiratory syndrome-related coronavirus,TBK1 Camelus dromedarius,0.9976539604073127,strong,interacts,likely
100,229,ORF4a Middle East respiratory syndrome-related coronavirus,TBK1 Rattus norvegicus,0.998097863047776,strong,interacts,likely
100,230,ORF4a Middle East respiratory syndrome-related coronavirus,TBK1 Gallus gallus,0.93404697807982,strong,interacts,likely
100,243,ORF4a Middle East respiratory syndrome-related coronavirus,MAVS Mus musculus,0.9252950186477664,strong,interacts,likely
100,244,ORF4a Middle East respiratory syndrome-related coronavirus,MAVS Rattus norvegicus,0.9966764131294747,strong,interacts,likely
100,245,ORF4a Middle East respiratory syndrome-related coronavirus,MAVS Gallus gallus,0.8221754384210294,strong,interacts,likely
102,209,NF-kB Homo sapiens,M protein Middle East respiratory syndrome-related coronavirus,0.9415149692814907,strong,interacts,likely
103,187,NF-kB Pan troglodytes,PLpro Middle East respiratory syndrome-related coronavirus,0.9684340027465753,strong,interacts,likely
104,187,NF-kB Macaca mulatta,PLpro Middle East respiratory syndrome-related coronavirus,0.9636493113280598,strong,interacts,likely
104,188,NF-kB Macaca mulatta,PLpro Severe acute respiratory syndrome-related coronavirus,0.9971932001591061,strong,interacts,likely
104,211,NF-kB Macaca mulatta,M protein Severe acute respiratory syndrome-related coronavirus,0.9155909347727231,strong,interacts,likely
105,187,NF-kB Bos taurus,PLpro Middle East respiratory syndrome-related coronavirus,0.9240428449880234,strong,interacts,likely
105,188,NF-kB Bos taurus,PLpro Severe acute respiratory syndrome-related coronavirus,0.9664312904741837,strong,interacts,likely
106,187,NF-kB Rhinolophus ferrumequinum,PLpro Middle East respiratory syndrome-related coronavirus,0.9472213549119155,strong,interacts,likely
107,188,NF-kB Ovis aries,PLpro Severe acute respiratory syndrome-related coronavirus,0.8290613295889309,strong,interacts,likely
110,187,NF-kB Mesocricetus auratus,PLpro Middle East respiratory syndrome-related coronavirus,0.7846407517130696,strong,interacts,likely
114,188,NF-kB Camelus dromedarius,PLpro Severe acute respiratory syndrome-related coronavirus,0.9961831847604722,strong,interacts,likely
114,189,NF-kB Camelus dromedarius,PLpro Severe acute respiratory syndrome coronavirus 2,0.5804169433682005,strong,interacts,likely
114,211,NF-kB Camelus dromedarius,M protein Severe acute respiratory syndrome-related coronavirus,0.9768515695107538,strong,interacts,likely
137,170,MDA5 Rattus norvegicus,ORF6 Severe acute respiratory syndrome-related coronavirus,0.7377366536293115,strong,interacts,likely
154,239,ORF3b Severe acute respiratory syndrome-related coronavirus,MAVS Camelus dromedarius,0.852860311789742,strong,interacts,likely
154,241,ORF3b Severe acute respiratory syndrome-related coronavirus,MAVS Canis lupus familiaris,0.7724403573315419,strong,interacts,likely
154,242,ORF3b Severe acute respiratory syndrome-related coronavirus,MAVS Mesocricetus auratus,0.9994234469189611,strong,interacts,likely
154,245,ORF3b Severe acute respiratory syndrome-related coronavirus,MAVS Gallus gallus,0.9990735287316197,strong,interacts,likely
175,209,STAT2 Felis catus,M protein Middle East respiratory syndrome-related coronavirus,0.9913450444407859,strong,interacts,likely
178,209,STAT2 Rhinolophus ferrumequinum,M protein Middle East respiratory syndrome-related coronavirus,0.9898767497057146,strong,interacts,likely
187,223,PLpro Middle East respiratory syndrome-related coronavirus,TBK1 Ovis aries,0.9287342900630444,strong,interacts,likely
187,230,PLpro Middle East respiratory syndrome-related coronavirus,TBK1 Gallus gallus,0.8255495964098598,strong,interacts,likely
188,221,PLpro Severe acute respiratory syndrome-related coronavirus,TBK1 Bos taurus,0.9109709906975572,strong,interacts,likely
188,223,PLpro Severe acute respiratory syndrome-related coronavirus,TBK1 Ovis aries,0.9998768639726872,strong,interacts,likely
188,226,PLpro Severe acute respiratory syndrome-related coronavirus,TBK1 Mesocricetus auratus,0.9353603377342863,strong,interacts,likely
188,228,PLpro Severe acute respiratory syndrome-related coronavirus,TBK1 Camelus dromedarius,0.999970870333512,strong,interacts,likely
188,230,PLpro Severe acute respiratory syndrome-related coronavirus,TBK1 Gallus gallus,0.9939667906737761,strong,interacts,likely
209,223,M protein Middle East respiratory syndrome-related coronavirus,TBK1 Ovis aries,0.7318767798654808,strong,interacts,likely
209,230,M protein Middle East respiratory syndrome-related coronavirus,TBK1 Gallus gallus,0.9812829473227702,strong,interacts,likely
211,228,M protein Severe acute respiratory syndrome-related coronavirus,TBK1 Camelus dromedarius,0.744022535916083,strong,interacts,likely
0,35,nsp15 Severe acute respiratory syndrome coronavirus 2,RIG-I Pan troglodytes,0.9968072767902021,strong,interacts,likely
0,40,nsp15 Severe acute respiratory syndrome coronavirus 2,RIG-I Mus musculus,0.8217799611770231,strong,interacts,likely
0,64,nsp15 Severe acute respiratory syndrome coronavirus 2,IRF3 Rattus norvegicus,0.9927333604658045,strong,interacts,likely
0,66,nsp15 Severe acute respiratory syndrome coronavirus 2,IRF3 Mus musculus,0.9442885848956475,strong,interacts,likely
1,57,nsp15 Severe acute respiratory syndrome-related coronavirus,IRF3 Macaca mulatta,0.9596637263416148,strong,interacts,likely
1,60,nsp15 Severe acute respiratory syndrome-related coronavirus,IRF3 Camelus dromedarius,0.9959636911979958,strong,interacts,likely
1,239,nsp15 Severe acute respiratory syndrome-related coronavirus,MAVS Camelus dromedarius,0.6763629843406425,strong,interacts,likely
4,42,STAT1 Pan troglodytes,ORF4b Middle East respiratory syndrome-related coronavirus,0.648377004065215,strong,interacts,likely
4,100,STAT1 Pan troglodytes,ORF4a Middle East respiratory syndrome-related coronavirus,0.7350474423238725,strong,interacts,likely
6,42,STAT1 Felis catus,ORF4b Middle East respiratory syndrome-related coronavirus,0.9984057429273787,strong,interacts,likely
6,100,STAT1 Felis catus,ORF4a Middle East respiratory syndrome-related coronavirus,0.9882422024848823,strong,interacts,likely
6,209,STAT1 Felis catus,M protein Middle East respiratory syndrome-related coronavirus,0.9800029074469393,strong,interacts,likely
7,154,STAT1 Camelus dromedarius,ORF3b Severe acute respiratory syndrome-related coronavirus,0.9730640666648719,strong,interacts,likely
7,170,STAT1 Camelus dromedarius,ORF6 Severe acute respiratory syndrome-related coronavirus,0.9853175703588276,strong,interacts,likely
7,188,STAT1 Camelus dromedarius,PLpro Severe acute respiratory syndrome-related coronavirus,0.5812720350660576,strong,interacts,likely
10,42,STAT1 Rhinolophus ferrumequinum,ORF4b Middle East respiratory syndrome-related coronavirus,0.7275332987056047,strong,interacts,likely
10,100,STAT1 Rhinolophus ferrumequinum,ORF4a Middle East respiratory syndrome-related coronavirus,0.6442394749717597,strong,interacts,likely
13,42,STAT1 Ictidomys tridecemlineatus,ORF4b Middle East respiratory syndrome-related coronavirus,0.7921231649690204,strong,interacts,likely
19,170,IRF9 Macaca mulatta,ORF6 Severe acute respiratory syndrome-related coronavirus,0.7641684934007325,strong,interacts,likely
21,209,IRF9 Felis catus,M protein Middle East respiratory syndrome-related coronavirus,0.8230163934609707,strong,interacts,likely
22,154,IRF9 Camelus dromedarius,ORF3b Severe acute respiratory syndrome-related coronavirus,0.9507889139887441,strong,interacts,likely
23,42,IRF9 Sus scrofa domesticus,ORF4b Middle East respiratory syndrome-related coronavirus,0.749405898980573,strong,interacts,likely
23,100,IRF9 Sus scrofa domesticus,ORF4a Middle East respiratory syndrome-related coronavirus,0.7869751687321938,strong,interacts,likely
23,209,IRF9 Sus scrofa domesticus,M protein Middle East respiratory syndrome-related coronavirus,0.8094092834387423,strong,interacts,likely
24,42,IRF9 Equus caballus,ORF4b Middle East respiratory syndrome-related coronavirus,0.936746648283447,strong,interacts,likely
24,100,IRF9 Equus caballus,ORF4a Middle East respiratory syndrome-related coronavirus,0.948161050833173,strong,interacts,likely
24,154,IRF9 Equus caballus,ORF3b Severe acute respiratory syndrome-related coronavirus,0.9890355014468644,strong,interacts,likely
24,170,IRF9 Equus caballus,ORF6 Severe acute respiratory syndrome-related coronavirus,0.9623980975002564,strong,interacts,likely
24,209,IRF9 Equus caballus,M protein Middle East respiratory syndrome-related coronavirus,0.8653757340043601,strong,interacts,likely
25,100,IRF9 Rhinolophus ferrumequinum,ORF4a Middle East respiratory syndrome-related coronavirus,0.7530584251339867,strong,interacts,likely
25,209,IRF9 Rhinolophus ferrumequinum,M protein Middle East respiratory syndrome-related coronavirus,0.890525452271266,strong,interacts,likely
26,42,IRF9 Ovis aries,ORF4b Middle East respiratory syndrome-related coronavirus,0.9781961591665078,strong,interacts,likely
26,100,IRF9 Ovis aries,ORF4a Middle East respiratory syndrome-related coronavirus,0.9455540773419862,strong,interacts,likely
26,154,IRF9 Ovis aries,ORF3b Severe acute respiratory syndrome-related coronavirus,0.9284864856848007,strong,interacts,likely
26,170,IRF9 Ovis aries,ORF6 Severe acute respiratory syndrome-related coronavirus,0.826460385735649,strong,interacts,likely
26,209,IRF9 Ovis aries,M protein Middle East respiratory syndrome-related coronavirus,0.8752046816185548,strong,interacts,likely
35,71,RIG-I Pan troglodytes,N protein Severe acute respiratory syndrome-related coronavirus,0.9937675567225075,strong,interacts,likely
35,154,RIG-I Pan troglodytes,ORF3b Severe acute respiratory syndrome-related coronavirus,0.8321658879872318,strong,interacts,likely
35,171,RIG-I Pan troglodytes,ORF6 Severe acute respiratory syndrome coronavirus 2,0.9939435638198462,strong,interacts,likely
36,71,RIG-I Macaca mulatta,N protein Severe acute respiratory syndrome-related coronavirus,0.9275637777812099,strong,interacts,likely
38,71,RIG-I Canis lupus familiaris,N protein Severe acute respiratory syndrome-related coronavirus,0.9894537191252781,strong,interacts,likely
38,154,RIG-I Canis lupus familiaris,ORF3b Severe acute respiratory syndrome-related coronavirus,0.8120183937154865,strong,interacts,likely
42,59,ORF4b Middle East respiratory syndrome-related coronavirus,IRF3 Rhinolophus ferrumequinum,0.7970443830400331,strong,interacts,likely
42,175,ORF4b Middle East respiratory syndrome-related coronavirus,STAT2 Felis catus,0.8896781994563111,strong,interacts,likely
42,242,ORF4b Middle East respiratory syndrome-related coronavirus,MAVS Mesocricetus auratus,0.910605816116308,strong,interacts,likely
45,66,nsp1 Severe acute respiratory syndrome-related coronavirus,IRF3 Mus musculus,0.8263626550782794,strong,interacts,likely
45,177,nsp1 Severe acute respiratory syndrome-related coronavirus,STAT2 Camelus dromedarius,0.8467135848002556,strong,interacts,likely
51,87,Spike Severe acute respiratory syndrome coronavirus 2,ACE2 Oryctolagus cuniculus,0.9648120761199979,strong,interacts,likely
51,93,Spike Severe acute respiratory syndrome coronavirus 2,ACE2 Ovis aries,0.8410132075104304,strong,interacts,likely
56,71,IRF3 Pan troglodytes,N protein Severe acute respiratory syndrome-related coronavirus,0.7985889631221141,strong,interacts,likely
56,154,IRF3 Pan troglodytes,ORF3b Severe acute respiratory syndrome-related coronavirus,0.9177926545240163,strong,interacts,likely
56,171,IRF3 Pan troglodytes,ORF6 Severe acute respiratory syndrome coronavirus 2,0.7349816958616198,strong,interacts,likely
56,188,IRF3 Pan troglodytes,PLpro Severe acute respiratory syndrome-related coronavirus,0.9531960095131693,strong,interacts,likely
56,211,IRF3 Pan troglodytes,M protein Severe acute respiratory syndrome-related coronavirus,0.8494392966605417,strong,interacts,likely
57,71,IRF3 Macaca mulatta,N protein Severe acute respiratory syndrome-related coronavirus,0.9875103708347097,strong,interacts,likely
57,154,IRF3 Macaca mulatta,ORF3b Severe acute respiratory syndrome-related coronavirus,0.8377775105844969,strong,interacts,likely
59,209,IRF3 Rhinolophus ferrumequinum,M protein Middle East respiratory syndrome-related coronavirus,0.8563926883590054,strong,interacts,likely
60,71,IRF3 Camelus dromedarius,N protein Severe acute respiratory syndrome-related coronavirus,0.996532796355919,strong,interacts,likely
60,154,IRF3 Camelus dromedarius,ORF3b Severe acute respiratory syndrome-related coronavirus,0.9877696446219476,strong,interacts,likely
60,170,IRF3 Camelus dromedarius,ORF6 Severe acute respiratory syndrome-related coronavirus,0.9799136385291705,strong,interacts,likely
60,171,IRF3 Camelus dromedarius,ORF6 Severe acute respiratory syndrome coronavirus 2,0.7222320521068909,strong,interacts,likely
60,188,IRF3 Camelus dromedarius,PLpro Severe acute respiratory syndrome-related coronavirus,0.9999204904315404,strong,interacts,likely
60,211,IRF3 Camelus dromedarius,M protein Severe acute respiratory syndrome-related coronavirus,0.9979760570682819,strong,interacts,likely
63,154,IRF3 Equus caballus,ORF3b Severe acute respiratory syndrome-related coronavirus,0.667796936894848,strong,interacts,likely
64,171,IRF3 Rattus norvegicus,ORF6 Severe acute respiratory syndrome coronavirus 2,0.9324868471769396,strong,interacts,likely
64,212,IRF3 Rattus norvegicus,M protein Severe acute respiratory syndrome coronavirus 2,0.637069168344855,strong,interacts,likely
71,172,N protein Severe acute respiratory syndrome-related coronavirus,STAT2 Homo sapiens,0.8699382346653015,strong,interacts,likely
71,239,N protein Severe acute respiratory syndrome-related coronavirus,MAVS Camelus dromedarius,0.8504540850303575,strong,interacts,likely
71,242,N protein Severe acute respiratory syndrome-related coronavirus,MAVS Mesocricetus auratus,0.7111267853706824,strong,interacts,likely
71,245,N protein Severe acute respiratory syndrome-related coronavirus,MAVS Gallus gallus,0.7428600982078337,strong,interacts,likely
100,149,ORF4a Middle East respiratory syndrome-related coronavirus,PRKRA Ovis aries,0.9459126599452605,strong,interacts,likely
100,175,ORF4a Middle East respiratory syndrome-related coronavirus,STAT2 Felis catus,0.7747037745933718,strong,interacts,likely
100,227,ORF4a Middle East respiratory syndrome-related coronavirus,TBK1 Mus musculus,0.9363096290841689,strong,interacts,likely
100,228,ORF4a Middle East respiratory syndrome-related coronavirus,TBK1 Camelus dromedarius,0.9925808095100228,strong,interacts,likely
100,229,ORF4a Middle East respiratory syndrome-related coronavirus,TBK1 Rattus norvegicus,0.9884565249300471,strong,interacts,likely
102,189,NF-kB Homo sapiens,PLpro Severe acute respiratory syndrome coronavirus 2,0.8224280610016755,strong,interacts,likely
102,209,NF-kB Homo sapiens,M protein Middle East respiratory syndrome-related coronavirus,0.7936833532022137,strong,interacts,likely
104,188,NF-kB Macaca mulatta,PLpro Severe acute respiratory syndrome-related coronavirus,0.8189730128726933,strong,interacts,likely
109,189,NF-kB Mus musculus,PLpro Severe acute respiratory syndrome coronavirus 2,0.7715025691131615,strong,interacts,likely
114,188,NF-kB Camelus dromedarius,PLpro Severe acute respiratory syndrome-related coronavirus,0.9916731009418385,strong,interacts,likely
129,170,MDA5 Homo sapiens,ORF6 Severe acute respiratory syndrome-related coronavirus,0.7041038841769232,strong,interacts,likely
131,154,MDA5 Macaca mulatta,ORF3b Severe acute respiratory syndrome-related coronavirus,0.8549149634872651,strong,interacts,likely
137,170,MDA5 Rattus norvegicus,ORF6 Severe acute respiratory syndrome-related coronavirus,0.8657135992344092,strong,interacts,likely
154,177,ORF3b Severe acute respiratory syndrome-related coronavirus,STAT2 Camelus dromedarius,0.9875714777804387,strong,interacts,likely
154,180,ORF3b Severe acute respiratory syndrome-related coronavirus,STAT2 Ovis aries,0.7947842104265151,strong,interacts,likely
154,239,ORF3b Severe acute respiratory syndrome-related coronavirus,MAVS Camelus dromedarius,0.9697096964919094,strong,interacts,likely
154,241,ORF3b Severe acute respiratory syndrome-related coronavirus,MAVS Canis lupus familiaris,0.9594458579499496,strong,interacts,likely
154,242,ORF3b Severe acute respiratory syndrome-related coronavirus,MAVS Mesocricetus auratus,0.9972904735096066,strong,interacts,likely
154,245,ORF3b Severe acute respiratory syndrome-related coronavirus,MAVS Gallus gallus,0.9308190834585364,strong,interacts,likely
170,177,ORF6 Severe acute respiratory syndrome-related coronavirus,STAT2 Camelus dromedarius,0.9988075880719692,strong,interacts,likely
170,179,ORF6 Severe acute respiratory syndrome-related coronavirus,STAT2 Equus caballus,0.8364826059819939,strong,interacts,likely
170,180,ORF6 Severe acute respiratory syndrome-related coronavirus,STAT2 Ovis aries,0.9726505553004718,strong,interacts,likely
170,243,ORF6 Severe acute respiratory syndrome-related coronavirus,MAVS Mus musculus,0.8337157463241602,strong,interacts,likely
170,244,ORF6 Severe acute respiratory syndrome-related coronavirus,MAVS Rattus norvegicus,0.7342021007620543,strong,interacts,likely
175,209,STAT2 Felis catus,M protein Middle East respiratory syndrome-related coronavirus,0.7774411021752328,strong,interacts,likely
187,220,PLpro Middle East respiratory syndrome-related coronavirus,TBK1 Felis catus,0.7705256377619409,strong,interacts,likely
187,222,PLpro Middle East respiratory syndrome-related coronavirus,TBK1 Rhinolophus ferrumequinum,0.965631469986636,strong,interacts,likely
187,223,PLpro Middle East respiratory syndrome-related coronavirus,TBK1 Ovis aries,0.8509602083581123,strong,interacts,likely
188,221,PLpro Severe acute respiratory syndrome-related coronavirus,TBK1 Bos taurus,0.7185339878414319,strong,interacts,likely
188,223,PLpro Severe acute respiratory syndrome-related coronavirus,TBK1 Ovis aries,0.7855607940448819,strong,interacts,likely
188,228,PLpro Severe acute respiratory syndrome-related coronavirus,TBK1 Camelus dromedarius,0.9997798482279744,strong,interacts,likely
0,35,nsp15 Severe acute respiratory syndrome coronavirus 2,RIG-I Pan troglodytes,0.9958344688209115,strong,interacts,likely
0,40,nsp15 Severe acute respiratory syndrome coronavirus 2,RIG-I Mus musculus,0.9953607390329489,strong,interacts,likely
0,64,nsp15 Severe acute respiratory syndrome coronavirus 2,IRF3 Rattus norvegicus,0.9992284894974028,strong,interacts,likely
0,66,nsp15 Severe acute respiratory syndrome coronavirus 2,IRF3 Mus musculus,0.9972110127230254,strong,interacts,likely
0,68,nsp15 Severe acute respiratory syndrome coronavirus 2,IRF3 Gallus gallus,0.7095764933553752,strong,interacts,likely
0,222,nsp15 Severe acute respiratory syndrome coronavirus 2,TBK1 Rhinolophus ferrumequinum,0.5497366496357484,strong,interacts,likely
1,239,nsp15 Severe acute respiratory syndrome-related coronavirus,MAVS Camelus dromedarius,0.9940710250081564,strong,interacts,likely
1,242,nsp15 Severe acute respiratory syndrome-related coronavirus,MAVS Mesocricetus auratus,0.8993265343167203,strong,interacts,likely
1,245,nsp15 Severe acute respiratory syndrome-related coronavirus,MAVS Gallus gallus,0.9492160664052816,strong,interacts,likely
3,188,STAT1 Homo sapiens,PLpro Severe acute respiratory syndrome-related coronavirus,0.913769069508085,strong,interacts,likely
3,211,STAT1 Homo sapiens,M protein Severe acute respiratory syndrome-related coronavirus,0.6293133447876853,strong,interacts,likely
4,42,STAT1 Pan troglodytes,ORF4b Middle East respiratory syndrome-related coronavirus,0.9536209527221183,strong,interacts,likely
4,45,STAT1 Pan troglodytes,nsp1 Severe acute respiratory syndrome-related coronavirus,0.9968775438461885,strong,interacts,likely
4,154,STAT1 Pan troglodytes,ORF3b Severe acute respiratory syndrome-related coronavirus,0.9623019538847783,strong,interacts,likely
4,170,STAT1 Pan troglodytes,ORF6 Severe acute respiratory syndrome-related coronavirus,0.9042404525532259,strong,interacts,likely
5,45,STAT1 Macaca mulatta,nsp1 Severe acute respiratory syndrome-related coronavirus,0.8490860025315161,strong,interacts,likely
6,42,STAT1 Felis catus,ORF4b Middle East respiratory syndrome-related coronavirus,0.9988911601015896,strong,interacts,likely
6,100,STAT1 Felis catus,ORF4a Middle East respiratory syndrome-related coronavirus,0.92733924165997,strong,interacts,likely
6,209,STAT1 Felis catus,M protein Middle East respiratory syndrome-related coronavirus,0.9539783435369675,strong,interacts,likely
7,45,STAT1 Camelus dromedarius,nsp1 Severe acute respiratory syndrome-related coronavirus,0.9999453303758865,strong,interacts,likely
7,154,STAT1 Camelus dromedarius,ORF3b Severe acute respiratory syndrome-related coronavirus,0.9994153912541608,strong,interacts,likely
7,170,STAT1 Camelus dromedarius,ORF6 Severe acute respiratory syndrome-related coronavirus,0.9997347015789316,strong,interacts,likely
7,187,STAT1 Camelus dromedarius,PLpro Middle East respiratory syndrome-related coronavirus,0.8640483146994039,strong,interacts,likely
7,188,STAT1 Camelus dromedarius,PLpro Severe acute respiratory syndrome-related coronavirus,0.9739854400501841,strong,interacts,likely
7,211,STAT1 Camelus dromedarius,M protein Severe acute respiratory syndrome-related coronavirus,0.8966975230969454,strong,interacts,likely
8,45,STAT1 Equus caballus,nsp1 Severe acute respiratory syndrome-related coronavirus,0.774939119767702,strong,interacts,likely
9,45,STAT1 Canis lupus familiaris,nsp1 Severe acute respiratory syndrome-related coronavirus,0.8539886070033114,strong,interacts,likely
9,154,STAT1 Canis lupus familiaris,ORF3b Severe acute respiratory syndrome-related coronavirus,0.9236388565671012,strong,interacts,likely
13,42,STAT1 Ictidomys tridecemlineatus,ORF4b Middle East respiratory syndrome-related coronavirus,0.9146027423622394,strong,interacts,likely
13,45,STAT1 Ictidomys tridecemlineatus,nsp1 Severe acute respiratory syndrome-related coronavirus,0.9897491595298455,strong,interacts,likely
13,154,STAT1 Ictidomys tridecemlineatus,ORF3b Severe acute respiratory syndrome-related coronavirus,0.7999907752149875,strong,interacts,likely
13,170,STAT1 Ictidomys tridecemlineatus,ORF6 Severe acute respiratory syndrome-related coronavirus,0.8354578316468714,strong,interacts,likely
14,211,STAT1 Rattus norvegicus,M protein Severe acute respiratory syndrome-related coronavirus,0.6581234554287021,strong,interacts,likely
19,42,IRF9 Macaca mulatta,ORF4b Middle East respiratory syndrome-related coronavirus,0.984039472945308,strong,interacts,likely
19,100,IRF9 Macaca mulatta,ORF4a Middle East respiratory syndrome-related coronavirus,0.9053312940977305,strong,interacts,likely
19,154,IRF9 Macaca mulatta,ORF3b Severe acute respiratory syndrome-related coronavirus,0.9963700817904961,strong,interacts,likely
19,170,IRF9 Macaca mulatta,ORF6 Severe acute respiratory syndrome-related coronavirus,0.9710029984510414,strong,interacts,likely
19,209,IRF9 Macaca mulatta,M protein Middle East respiratory syndrome-related coronavirus,0.7601855468047138,strong,interacts,likely
20,42,IRF9 Pan troglodytes,ORF4b Middle East respiratory syndrome-related coronavirus,0.9473584307575573,strong,interacts,likely
20,154,IRF9 Pan troglodytes,ORF3b Severe acute respiratory syndrome-related coronavirus,0.8633982333386292,strong,interacts,likely
21,42,IRF9 Felis catus,ORF4b Middle East respiratory syndrome-related coronavirus,0.9978872235869464,strong,interacts,likely
21,100,IRF9 Felis catus,ORF4a Middle East respiratory syndrome-related coronavirus,0.9911827124530508,strong,interacts,likely
21,209,IRF9 Felis catus,M protein Middle East respiratory syndrome-related coronavirus,0.9686505509786245,strong,interacts,likely
22,154,IRF9 Camelus dromedarius,ORF3b Severe acute respiratory syndrome-related coronavirus,0.964887485620407,strong,interacts,likely
22,170,IRF9 Camelus dromedarius,ORF6 Severe acute respiratory syndrome-related coronavirus,0.8037635540774359,strong,interacts,likely
23,42,IRF9 Sus scrofa domesticus,ORF4b Middle East respiratory syndrome-related coronavirus,0.9948629474171319,strong,interacts,likely
23,100,IRF9 Sus scrofa domesticus,ORF4a Middle East respiratory syndrome-related coronavirus,0.8927521197574673,strong,interacts,likely
23,154,IRF9 Sus scrofa domesticus,ORF3b Severe acute respiratory syndrome-related coronavirus,0.9537001293622366,strong,interacts,likely
24,42,IRF9 Equus caballus,ORF4b Middle East respiratory syndrome-related coronavirus,0.9885854629385852,strong,interacts,likely
24,154,IRF9 Equus caballus,ORF3b Severe acute respiratory syndrome-related coronavirus,0.9701419258058253,strong,interacts,likely
25,42,IRF9 Rhinolophus ferrumequinum,ORF4b Middle East respiratory syndrome-related coronavirus,0.9891070270343565,strong,interacts,likely
25,100,IRF9 Rhinolophus ferrumequinum,ORF4a Middle East respiratory syndrome-related coronavirus,0.9388886051777114,strong,interacts,likely
25,209,IRF9 Rhinolophus ferrumequinum,M protein Middle East respiratory syndrome-related coronavirus,0.829549887619067,strong,interacts,likely
26,42,IRF9 Ovis aries,ORF4b Middle East respiratory syndrome-related coronavirus,0.9035679099138585,strong,interacts,likely
27,42,IRF9 Canis lupus familiaris,ORF4b Middle East respiratory syndrome-related coronavirus,0.9222390184637258,strong,interacts,likely
27,154,IRF9 Canis lupus familiaris,ORF3b Severe acute respiratory syndrome-related coronavirus,0.9251244254006765,strong,interacts,likely
28,42,IRF9 Bos taurus,ORF4b Middle East respiratory syndrome-related coronavirus,0.9612116420563227,strong,interacts,likely
30,211,IRF9 Mus musculus,M protein Severe acute respiratory syndrome-related coronavirus,0.7540827514858832,strong,interacts,likely
32,188,IRF9 Rattus norvegicus,PLpro Severe acute respiratory syndrome-related coronavirus,0.7657239801811324,strong,interacts,likely
32,211,IRF9 Rattus norvegicus,M protein Severe acute respiratory syndrome-related coronavirus,0.8452693292174884,strong,interacts,likely
34,170,RIG-I Homo sapiens,ORF6 Severe acute respiratory syndrome-related coronavirus,0.8280264117549283,strong,interacts,likely
35,71,RIG-I Pan troglodytes,N protein Severe acute respiratory syndrome-related coronavirus,0.7847398239005415,strong,interacts,likely
35,154,RIG-I Pan troglodytes,ORF3b Severe acute respiratory syndrome-related coronavirus,0.9471879352370794,strong,interacts,likely
35,171,RIG-I Pan troglodytes,ORF6 Severe acute respiratory syndrome coronavirus 2,0.9783154921846952,strong,interacts,likely
36,71,RIG-I Macaca mulatta,N protein Severe acute respiratory syndrome-related coronavirus,0.9804125271766566,strong,interacts,likely
36,154,RIG-I Macaca mulatta,ORF3b Severe acute respiratory syndrome-related coronavirus,0.8746989896024178,strong,interacts,likely
38,71,RIG-I Canis lupus familiaris,N protein Severe acute respiratory syndrome-related coronavirus,0.9039919270008091,strong,interacts,likely
38,154,RIG-I Canis lupus familiaris,ORF3b Severe acute respiratory syndrome-related coronavirus,0.8733318119546731,strong,interacts,likely
39,71,RIG-I Mesocricetus auratus,N protein Severe acute respiratory syndrome-related coronavirus,0.7720651789804414,strong,interacts,likely
39,154,RIG-I Mesocricetus auratus,ORF3b Severe acute respiratory syndrome-related coronavirus,0.9486416286326477,strong,interacts,likely
40,170,RIG-I Mus musculus,ORF6 Severe acute respiratory syndrome-related coronavirus,0.9053614080690382,strong,interacts,likely
40,171,RIG-I Mus musculus,ORF6 Severe acute respiratory syndrome coronavirus 2,0.9995886628666142,strong,interacts,likely
42,56,ORF4b Middle East respiratory syndrome-related coronavirus,IRF3 Pan troglodytes,0.9427647344379455,strong,interacts,likely
42,58,ORF4b Middle East respiratory syndrome-related coronavirus,IRF3 Ictidomys tridecemlineatus,0.761861721152255,strong,interacts,likely
42,59,ORF4b Middle East respiratory syndrome-related coronavirus,IRF3 Rhinolophus ferrumequinum,0.9966482189522594,strong,interacts,likely
42,62,ORF4b Middle East respiratory syndrome-related coronavirus,IRF3 Bos taurus,0.8954533417011359,strong,interacts,likely
42,104,ORF4b Middle East respiratory syndrome-related coronavirus,NF-kB Macaca mulatta,0.9888203673423044,strong,interacts,likely
42,105,ORF4b Middle East respiratory syndrome-related coronavirus,NF-kB Bos taurus,0.9721903374871079,strong,interacts,likely
42,106,ORF4b Middle East respiratory syndrome-related coronavirus,NF-kB Rhinolophus ferrumequinum,0.9688160797642612,strong,interacts,likely
42,113,ORF4b Middle East respiratory syndrome-related coronavirus,NF-kB Gallus gallus,0.8382528658225259,strong,interacts,likely
42,129,ORF4b Middle East respiratory syndrome-related coronavirus,MDA5 Homo sapiens,0.8833418373151241,strong,interacts,likely
42,136,ORF4b Middle East respiratory syndrome-related coronavirus,MDA5 Mus musculus,0.9383730556189641,strong,interacts,likely
42,137,ORF4b Middle East respiratory syndrome-related coronavirus,MDA5 Rattus norvegicus,0.9422083970975459,strong,interacts,likely
42,175,ORF4b Middle East respiratory syndrome-related coronavirus,STAT2 Felis catus,0.9510895228888995,strong,interacts,likely
42,230,ORF4b Middle East respiratory syndrome-related coronavirus,TBK1 Gallus gallus,0.9185759813297527,strong,interacts,likely
42,245,ORF4b Middle East respiratory syndrome-related coronavirus,MAVS Gallus gallus,0.949323079058472,strong,interacts,likely
45,55,nsp1 Severe acute respiratory syndrome-related coronavirus,IRF3 Homo sapiens,0.8848960194556235,strong,interacts,likely
45,64,nsp1 Severe acute respiratory syndrome-related coronavirus,IRF3 Rattus norvegicus,0.6630913100982374,strong,interacts,likely
45,66,nsp1 Severe acute respiratory syndrome-related coronavirus,IRF3 Mus musculus,0.8706164990784575,strong,interacts,likely
45,174,nsp1 Severe acute respiratory syndrome-related coronavirus,STAT2 Macaca mulatta,0.6421844186803263,strong,interacts,likely
45,177,nsp1 Severe acute respiratory syndrome-related coronavirus,STAT2 Camelus dromedarius,0.8605429567453682,strong,interacts,likely
50,164,Spike Middle East respiratory syndrome-related coronavirus,DPP4 Rhinolophus ferrumequinum,0.9385575444400539,strong,interacts,likely
50,169,Spike Middle East respiratory syndrome-related coronavirus,DPP4 Gallus gallus,0.9932424476310235,strong,interacts,likely
51,87,Spike Severe acute respiratory syndrome coronavirus 2,ACE2 Oryctolagus cuniculus,0.9698792748827786,strong,interacts,likely
51,92,Spike Severe acute respiratory syndrome coronavirus 2,ACE2 Sus scrofa domesticus,0.8354948937575547,strong,interacts,likely
51,93,Spike Severe acute respiratory syndrome coronavirus 2,ACE2 Ovis aries,0.9836820532407093,strong,interacts,likely
51,96,Spike Severe acute respiratory syndrome coronavirus 2,ACE2 Rattus norvegicus,0.9063979647071856,strong,interacts,likely
56,100,IRF3 Pan troglodytes,ORF4a Middle East respiratory syndrome-related coronavirus,0.8221134214088638,strong,interacts,likely
56,187,IRF3 Pan troglodytes,PLpro Middle East respiratory syndrome-related coronavirus,0.8418378584011526,strong,interacts,likely
56,188,IRF3 Pan troglodytes,PLpro Severe acute respiratory syndrome-related coronavirus,0.9950628952938181,strong,interacts,likely
56,209,IRF3 Pan troglodytes,M protein Middle East respiratory syndrome-related coronavirus,0.9799352352454682,strong,interacts,likely
56,211,IRF3 Pan troglodytes,M protein Severe acute respiratory syndrome-related coronavirus,0.8748571588113001,strong,interacts,likely
57,71,IRF3 Macaca mulatta,N protein Severe acute respiratory syndrome-related coronavirus,0.9119618593714227,strong,interacts,likely
57,187,IRF3 Macaca mulatta,PLpro Middle East respiratory syndrome-related coronavirus,0.7216141965536669,strong,interacts,likely
57,188,IRF3 Macaca mulatta,PLpro Severe acute respiratory syndrome-related coronavirus,0.98903718883439,strong,interacts,likely
57,209,IRF3 Macaca mulatta,M protein Middle East respiratory syndrome-related coronavirus,0.8772194504959102,strong,interacts,likely
58,188,IRF3 Ictidomys tridecemlineatus,PLpro Severe acute respiratory syndrome-related coronavirus,0.7505930422505049,strong,interacts,likely
58,209,IRF3 Ictidomys tridecemlineatus,M protein Middle East respiratory syndrome-related coronavirus,0.8112065200106804,strong,interacts,likely
59,100,IRF3 Rhinolophus ferrumequinum,ORF4a Middle East respiratory syndrome-related coronavirus,0.9959312685037754,strong,interacts,likely
59,187,IRF3 Rhinolophus ferrumequinum,PLpro Middle East respiratory syndrome-related coronavirus,0.9845420913607887,strong,interacts,likely
59,209,IRF3 Rhinolophus ferrumequinum,M protein Middle East respiratory syndrome-related coronavirus,0.9995112202895767,strong,interacts,likely
60,188,IRF3 Camelus dromedarius,PLpro Severe acute respiratory syndrome-related coronavirus,0.9998659422187532,strong,interacts,likely
60,211,IRF3 Camelus dromedarius,M protein Severe acute respiratory syndrome-related coronavirus,0.9324843731120307,strong,interacts,likely
62,188,IRF3 Bos taurus,PLpro Severe acute respiratory syndrome-related coronavirus,0.8019013449540313,strong,interacts,likely
62,209,IRF3 Bos taurus,M protein Middle East respiratory syndrome-related coronavirus,0.8481445125010383,strong,interacts,likely
62,211,IRF3 Bos taurus,M protein Severe acute respiratory syndrome-related coronavirus,0.6766275054039654,strong,interacts,likely
64,171,IRF3 Rattus norvegicus,ORF6 Severe acute respiratory syndrome coronavirus 2,0.9992354017048337,strong,interacts,likely
64,212,IRF3 Rattus norvegicus,M protein Severe acute respiratory syndrome coronavirus 2,0.8404208764129331,strong,interacts,likely
65,188,IRF3 Mesocricetus auratus,PLpro Severe acute respiratory syndrome-related coronavirus,0.941784746752476,strong,interacts,likely
66,171,IRF3 Mus musculus,ORF6 Severe acute respiratory syndrome coronavirus 2,0.9965632041177837,strong,interacts,likely
66,212,IRF3 Mus musculus,M protein Severe acute respiratory syndrome coronavirus 2,0.777994329437588,strong,interacts,likely
67,71,IRF3 Canis lupus familiaris,N protein Severe acute respiratory syndrome-related coronavirus,0.7396768906113984,strong,interacts,likely
71,131,N protein Severe acute respiratory syndrome-related coronavirus,MDA5 Macaca mulatta,0.7645602179434676,strong,interacts,likely
71,138,N protein Severe acute respiratory syndrome-related coronavirus,MDA5 Mesocricetus auratus,0.8564723158737795,strong,interacts,likely
71,236,N protein Severe acute respiratory syndrome-related coronavirus,MAVS Bos taurus,0.575364911127515,strong,interacts,likely
71,239,N protein Severe acute respiratory syndrome-related coronavirus,MAVS Camelus dromedarius,0.9265540425530439,strong,interacts,likely
71,242,N protein Severe acute respiratory syndrome-related coronavirus,MAVS Mesocricetus auratus,0.9549501850542268,strong,interacts,likely
100,103,ORF4a Middle East respiratory syndrome-related coronavirus,NF-kB Pan troglodytes,0.6646072592249905,strong,interacts,likely
100,104,ORF4a Middle East respiratory syndrome-related coronavirus,NF-kB Macaca mulatta,0.8489746748052016,strong,interacts,likely
100,105,ORF4a Middle East respiratory syndrome-related coronavirus,NF-kB Bos taurus,0.8567953441530081,strong,interacts,likely
100,113,ORF4a Middle East respiratory syndrome-related coronavirus,NF-kB Gallus gallus,0.77660140429119,strong,interacts,likely
100,175,ORF4a Middle East respiratory syndrome-related coronavirus,STAT2 Felis catus,0.7581619069062169,strong,interacts,likely
104,188,NF-kB Macaca mulatta,PLpro Severe acute respiratory syndrome-related coronavirus,0.9804875630922826,strong,interacts,likely
105,187,NF-kB Bos taurus,PLpro Middle East respiratory syndrome-related coronavirus,0.797462629819782,strong,interacts,likely
105,188,NF-kB Bos taurus,PLpro Severe acute respiratory syndrome-related coronavirus,0.8893041386413706,strong,interacts,likely
106,187,NF-kB Rhinolophus ferrumequinum,PLpro Middle East respiratory syndrome-related coronavirus,0.8130116556058804,strong,interacts,likely
114,188,NF-kB Camelus dromedarius,PLpro Severe acute respiratory syndrome-related coronavirus,0.870250743901399,strong,interacts,likely
114,211,NF-kB Camelus dromedarius,M protein Severe acute respiratory syndrome-related coronavirus,0.881641197009055,strong,interacts,likely
137,170,MDA5 Rattus norvegicus,ORF6 Severe acute respiratory syndrome-related coronavirus,0.9001572884982914,strong,interacts,likely
137,209,MDA5 Rattus norvegicus,M protein Middle East respiratory syndrome-related coronavirus,0.7010506364650657,strong,interacts,likely
154,236,ORF3b Severe acute respiratory syndrome-related coronavirus,MAVS Bos taurus,0.6671158831313724,strong,interacts,likely
154,239,ORF3b Severe acute respiratory syndrome-related coronavirus,MAVS Camelus dromedarius,0.8181926401278639,strong,interacts,likely
154,241,ORF3b Severe acute respiratory syndrome-related coronavirus,MAVS Canis lupus familiaris,0.8950649460617787,strong,interacts,likely
154,242,ORF3b Severe acute respiratory syndrome-related coronavirus,MAVS Mesocricetus auratus,0.9940913901697286,strong,interacts,likely
154,245,ORF3b Severe acute respiratory syndrome-related coronavirus,MAVS Gallus gallus,0.9744613460008011,strong,interacts,likely
170,177,ORF6 Severe acute respiratory syndrome-related coronavirus,STAT2 Camelus dromedarius,0.9510817899296472,strong,interacts,likely
170,182,ORF6 Severe acute respiratory syndrome-related coronavirus,STAT2 Mesocricetus auratus,0.8009147965506369,strong,interacts,likely
175,209,STAT2 Felis catus,M protein Middle East respiratory syndrome-related coronavirus,0.8824501749007028,strong,interacts,likely
178,209,STAT2 Rhinolophus ferrumequinum,M protein Middle East respiratory syndrome-related coronavirus,0.7696737978317427,strong,interacts,likely
183,211,STAT2 Rattus norvegicus,M protein Severe acute respiratory syndrome-related coronavirus,0.6485356836798692,strong,interacts,likely
187,222,PLpro Middle East respiratory syndrome-related coronavirus,TBK1 Rhinolophus ferrumequinum,0.9832217495000108,strong,interacts,likely
187,223,PLpro Middle East respiratory syndrome-related coronavirus,TBK1 Ovis aries,0.8346253558592702,strong,interacts,likely
187,230,PLpro Middle East respiratory syndrome-related coronavirus,TBK1 Gallus gallus,0.9771590124125701,strong,interacts,likely
188,217,PLpro Severe acute respiratory syndrome-related coronavirus,TBK1 Pan troglodytes,0.9219762002155059,strong,interacts,likely
188,221,PLpro Severe acute respiratory syndrome-related coronavirus,TBK1 Bos taurus,0.9641707777355601,strong,interacts,likely
188,223,PLpro Severe acute respiratory syndrome-related coronavirus,TBK1 Ovis aries,0.9737148614153869,strong,interacts,likely
188,225,PLpro Severe acute respiratory syndrome-related coronavirus,TBK1 Equus caballus,0.9367013973749865,strong,interacts,likely
188,228,PLpro Severe acute respiratory syndrome-related coronavirus,TBK1 Camelus dromedarius,0.9999878168329983,strong,interacts,likely
188,230,PLpro Severe acute respiratory syndrome-related coronavirus,TBK1 Gallus gallus,0.9972614692504003,strong,interacts,likely
209,230,M protein Middle East respiratory syndrome-related coronavirus,TBK1 Gallus gallus,0.9402352181591623,strong,interacts,likely
211,228,M protein Severe acute respiratory syndrome-related coronavirus,TBK1 Camelus dromedarius,0.9607036306472689,strong,interacts,likely
0,35,nsp15 Severe acute respiratory syndrome coronavirus 2,RIG-I Pan troglodytes,0.9728848390058153,strong,interacts,likely
0,40,nsp15 Severe acute respiratory syndrome coronavirus 2,RIG-I Mus musculus,0.7382068817641321,strong,interacts,likely
0,64,nsp15 Severe acute respiratory syndrome coronavirus 2,IRF3 Rattus norvegicus,0.9934011008748201,strong,interacts,likely
0,66,nsp15 Severe acute respiratory syndrome coronavirus 2,IRF3 Mus musculus,0.9590248467562116,strong,interacts,likely
1,34,nsp15 Severe acute respiratory syndrome-related coronavirus,RIG-I Homo sapiens,0.8462909046574952,strong,interacts,likely
1,38,nsp15 Severe acute respiratory syndrome-related coronavirus,RIG-I Canis lupus familiaris,0.723362950187036,strong,interacts,likely
1,245,nsp15 Severe acute respiratory syndrome-related coronavirus,MAVS Gallus gallus,0.8529920003215139,strong,interacts,likely
4,45,STAT1 Pan troglodytes,nsp1 Severe acute respiratory syndrome-related coronavirus,0.9307615191841174,strong,interacts,likely
4,100,STAT1 Pan troglodytes,ORF4a Middle East respiratory syndrome-related coronavirus,0.7821405124224268,strong,interacts,likely
4,154,STAT1 Pan troglodytes,ORF3b Severe acute respiratory syndrome-related coronavirus,0.8285473700420898,strong,interacts,likely
6,42,STAT1 Felis catus,ORF4b Middle East respiratory syndrome-related coronavirus,0.9390461241350372,strong,interacts,likely
6,100,STAT1 Felis catus,ORF4a Middle East respiratory syndrome-related coronavirus,0.9803291455311831,strong,interacts,likely
6,209,STAT1 Felis catus,M protein Middle East respiratory syndrome-related coronavirus,0.9524553902372372,strong,interacts,likely
7,45,STAT1 Camelus dromedarius,nsp1 Severe acute respiratory syndrome-related coronavirus,0.997436462438346,strong,interacts,likely
7,154,STAT1 Camelus dromedarius,ORF3b Severe acute respiratory syndrome-related coronavirus,0.9973086947672449,strong,interacts,likely
7,170,STAT1 Camelus dromedarius,ORF6 Severe acute respiratory syndrome-related coronavirus,0.9828990024789821,strong,interacts,likely
10,100,STAT1 Rhinolophus ferrumequinum,ORF4a Middle East respiratory syndrome-related coronavirus,0.7311459586084083,strong,interacts,likely
19,154,IRF9 Macaca mulatta,ORF3b Severe acute respiratory syndrome-related coronavirus,0.9921201214872439,strong,interacts,likely
19,170,IRF9 Macaca mulatta,ORF6 Severe acute respiratory syndrome-related coronavirus,0.9287729682722792,strong,interacts,likely
21,42,IRF9 Felis catus,ORF4b Middle East respiratory syndrome-related coronavirus,0.8353292186550689,strong,interacts,likely
21,209,IRF9 Felis catus,M protein Middle East respiratory syndrome-related coronavirus,0.8840373660548901,strong,interacts,likely
22,154,IRF9 Camelus dromedarius,ORF3b Severe acute respiratory syndrome-related coronavirus,0.7654413040217245,strong,interacts,likely
24,42,IRF9 Equus caballus,ORF4b Middle East respiratory syndrome-related coronavirus,0.8325303763049028,strong,interacts,likely
24,100,IRF9 Equus caballus,ORF4a Middle East respiratory syndrome-related coronavirus,0.7604606439913445,strong,interacts,likely
24,154,IRF9 Equus caballus,ORF3b Severe acute respiratory syndrome-related coronavirus,0.8766798410156467,strong,interacts,likely
24,209,IRF9 Equus caballus,M protein Middle East respiratory syndrome-related coronavirus,0.860454160098028,strong,interacts,likely
25,209,IRF9 Rhinolophus ferrumequinum,M protein Middle East respiratory syndrome-related coronavirus,0.8205573610748909,strong,interacts,likely
27,154,IRF9 Canis lupus familiaris,ORF3b Severe acute respiratory syndrome-related coronavirus,0.8218102978690937,strong,interacts,likely
32,211,IRF9 Rattus norvegicus,M protein Severe acute respiratory syndrome-related coronavirus,0.766951049190049,strong,interacts,likely
35,71,RIG-I Pan troglodytes,N protein Severe acute respiratory syndrome-related coronavirus,0.9356443003271315,strong,interacts,likely
35,154,RIG-I Pan troglodytes,ORF3b Severe acute respiratory syndrome-related coronavirus,0.8395130953866285,strong,interacts,likely
38,71,RIG-I Canis lupus familiaris,N protein Severe acute respiratory syndrome-related coronavirus,0.9939848971807013,strong,interacts,likely
38,154,RIG-I Canis lupus familiaris,ORF3b Severe acute respiratory syndrome-related coronavirus,0.9134850270794079,strong,interacts,likely
39,71,RIG-I Mesocricetus auratus,N protein Severe acute respiratory syndrome-related coronavirus,0.9633394137711504,strong,interacts,likely
39,154,RIG-I Mesocricetus auratus,ORF3b Severe acute respiratory syndrome-related coronavirus,0.9398651222827163,strong,interacts,likely
40,170,RIG-I Mus musculus,ORF6 Severe acute respiratory syndrome-related coronavirus,0.6768009328358999,strong,interacts,likely
42,59,ORF4b Middle East respiratory syndrome-related coronavirus,IRF3 Rhinolophus ferrumequinum,0.9979865450619025,strong,interacts,likely
42,116,ORF4b Middle East respiratory syndrome-related coronavirus,IRF7 Pan troglodytes,0.7475966479722608,strong,interacts,likely
42,118,ORF4b Middle East respiratory syndrome-related coronavirus,IRF7 Ictidomys tridecemlineatus,0.7212602976781795,strong,interacts,likely
42,237,ORF4b Middle East respiratory syndrome-related coronavirus,MAVS Rhinolophus ferrumequinum,0.8126764986606194,strong,interacts,likely
45,66,nsp1 Severe acute respiratory syndrome-related coronavirus,IRF3 Mus musculus,0.8285600935473865,strong,interacts,likely
45,177,nsp1 Severe acute respiratory syndrome-related coronavirus,STAT2 Camelus dromedarius,0.7476798503407158,strong,interacts,likely
50,169,Spike Middle East respiratory syndrome-related coronavirus,DPP4 Gallus gallus,0.7416036894541882,strong,interacts,likely
51,84,Spike Severe acute respiratory syndrome coronavirus 2,ACE2 Pan troglodytes,0.6040846111202535,strong,interacts,likely
51,87,Spike Severe acute respiratory syndrome coronavirus 2,ACE2 Oryctolagus cuniculus,0.8959761539100618,strong,interacts,likely
51,92,Spike Severe acute respiratory syndrome coronavirus 2,ACE2 Sus scrofa domesticus,0.7897897250026682,strong,interacts,likely
51,93,Spike Severe acute respiratory syndrome coronavirus 2,ACE2 Ovis aries,0.9336916868871461,strong,interacts,likely
51,94,Spike Severe acute respiratory syndrome coronavirus 2,ACE2 Mus musculus,0.6972315957047951,strong,interacts,likely
51,96,Spike Severe acute respiratory syndrome coronavirus 2,ACE2 Rattus norvegicus,0.8107086902005792,strong,interacts,likely
52,85,Spike Severe acute respiratory syndrome-related coronavirus,ACE2 Macaca mulatta,0.7961597034663945,strong,interacts,likely
52,91,Spike Severe acute respiratory syndrome-related coronavirus,ACE2 Mesocricetus auratus,0.7034404318786208,strong,interacts,likely
53,91,Spike Human coronavirus NL63,ACE2 Mesocricetus auratus,0.67019148237025,strong,interacts,likely
56,100,IRF3 Pan troglodytes,ORF4a Middle East respiratory syndrome-related coronavirus,0.6713063207348452,strong,interacts,likely
56,154,IRF3 Pan troglodytes,ORF3b Severe acute respiratory syndrome-related coronavirus,0.7930502203582408,strong,interacts,likely
56,171,IRF3 Pan troglodytes,ORF6 Severe acute respiratory syndrome coronavirus 2,0.8114985129709509,strong,interacts,likely
56,188,IRF3 Pan troglodytes,PLpro Severe acute respiratory syndrome-related coronavirus,0.909201145870969,strong,interacts,likely
56,209,IRF3 Pan troglodytes,M protein Middle East respiratory syndrome-related coronavirus,0.9706909702336,strong,interacts,likely
58,209,IRF3 Ictidomys tridecemlineatus,M protein Middle East respiratory syndrome-related coronavirus,0.7336762670950796,strong,interacts,likely
59,100,IRF3 Rhinolophus ferrumequinum,ORF4a Middle East respiratory syndrome-related coronavirus,0.9825488115932103,strong,interacts,likely
59,187,IRF3 Rhinolophus ferrumequinum,PLpro Middle East respiratory syndrome-related coronavirus,0.9180639182928234,strong,interacts,likely
59,209,IRF3 Rhinolophus ferrumequinum,M protein Middle East respiratory syndrome-related coronavirus,0.9994299551428609,strong,interacts,likely
60,154,IRF3 Camelus dromedarius,ORF3b Severe acute respiratory syndrome-related coronavirus,0.8134573404032381,strong,interacts,likely
60,170,IRF3 Camelus dromedarius,ORF6 Severe acute respiratory syndrome-related coronavirus,0.6623813279294791,strong,interacts,likely
60,188,IRF3 Camelus dromedarius,PLpro Severe acute respiratory syndrome-related coronavirus,0.9966375660430359,strong,interacts,likely
60,211,IRF3 Camelus dromedarius,M protein Severe acute respiratory syndrome-related coronavirus,0.9799211285819274,strong,interacts,likely
64,171,IRF3 Rattus norvegicus,ORF6 Severe acute respiratory syndrome coronavirus 2,0.9947466434184808,strong,interacts,likely
66,171,IRF3 Mus musculus,ORF6 Severe acute respiratory syndrome coronavirus 2,0.8865014046859755,strong,interacts,likely
68,171,IRF3 Gallus gallus,ORF6 Severe acute respiratory syndrome coronavirus 2,0.711662455246634,strong,interacts,likely
100,175,ORF4a Middle East respiratory syndrome-related coronavirus,STAT2 Felis catus,0.935550032298484,strong,interacts,likely
100,178,ORF4a Middle East respiratory syndrome-related coronavirus,STAT2 Rhinolophus ferrumequinum,0.9307279547899223,strong,interacts,likely
100,228,ORF4a Middle East respiratory syndrome-related coronavirus,TBK1 Camelus dromedarius,0.9327118004564191,strong,interacts,likely
100,229,ORF4a Middle East respiratory syndrome-related coronavirus,TBK1 Rattus norvegicus,0.8169370808468309,strong,interacts,likely
100,244,ORF4a Middle East respiratory syndrome-related coronavirus,MAVS Rattus norvegicus,0.9867384712684738,strong,interacts,likely
102,209,NF-kB Homo sapiens,M protein Middle East respiratory syndrome-related coronavirus,0.9993374684602616,strong,interacts,likely
104,187,NF-kB Macaca mulatta,PLpro Middle East respiratory syndrome-related coronavirus,0.8334007623443405,strong,interacts,likely
104,188,NF-kB Macaca mulatta,PLpro Severe acute respiratory syndrome-related coronavirus,0.8973788149887646,strong,interacts,likely
105,187,NF-kB Bos taurus,PLpro Middle East respiratory syndrome-related coronavirus,0.9607946711576076,strong,interacts,likely
105,188,NF-kB Bos taurus,PLpro Severe acute respiratory syndrome-related coronavirus,0.8201526350579902,strong,interacts,likely
106,187,NF-kB Rhinolophus ferrumequinum,PLpro Middle East respiratory syndrome-related coronavirus,0.7485412235568323,strong,interacts,likely
109,209,NF-kB Mus musculus,M protein Middle East respiratory syndrome-related coronavirus,0.9750069731383699,strong,interacts,likely
111,209,NF-kB Rattus norvegicus,M protein Middle East respiratory syndrome-related coronavirus,0.874270384445085,strong,interacts,likely
114,188,NF-kB Camelus dromedarius,PLpro Severe acute respiratory syndrome-related coronavirus,0.9620472738226271,strong,interacts,likely
114,211,NF-kB Camelus dromedarius,M protein Severe acute respiratory syndrome-related coronavirus,0.8456178163695494,strong,interacts,likely
154,177,ORF3b Severe acute respiratory syndrome-related coronavirus,STAT2 Camelus dromedarius,0.9952445940597983,strong,interacts,likely
154,239,ORF3b Severe acute respiratory syndrome-related coronavirus,MAVS Camelus dromedarius,0.974546828526266,strong,interacts,likely
154,241,ORF3b Severe acute respiratory syndrome-related coronavirus,MAVS Canis lupus familiaris,0.8601474002447518,strong,interacts,likely
154,242,ORF3b Severe acute respiratory syndrome-related coronavirus,MAVS Mesocricetus auratus,0.8360840394638253,strong,interacts,likely
154,245,ORF3b Severe acute respiratory syndrome-related coronavirus,MAVS Gallus gallus,0.9196419688710673,strong,interacts,likely
170,177,ORF6 Severe acute respiratory syndrome-related coronavirus,STAT2 Camelus dromedarius,0.9589078977322629,strong,interacts,likely
187,222,PLpro Middle East respiratory syndrome-related coronavirus,TBK1 Rhinolophus ferrumequinum,0.8597413895206107,strong,interacts,likely
188,221,PLpro Severe acute respiratory syndrome-related coronavirus,TBK1 Bos taurus,0.900520849767325,strong,interacts,likely
188,223,PLpro Severe acute respiratory syndrome-related coronavirus,TBK1 Ovis aries,0.9354047068555436,strong,interacts,likely
188,224,PLpro Severe acute respiratory syndrome-related coronavirus,TBK1 Canis lupus familiaris,0.9155713610828897,strong,interacts,likely
188,228,PLpro Severe acute respiratory syndrome-related coronavirus,TBK1 Camelus dromedarius,0.9997663394444936,strong,interacts,likely
0,35,nsp15 Severe acute respiratory syndrome coronavirus 2,RIG-I Pan troglodytes,0.9968081581116743,strong,interacts,likely
0,40,nsp15 Severe acute respiratory syndrome coronavirus 2,RIG-I Mus musculus,0.9600363992727494,strong,interacts,likely
0,56,nsp15 Severe acute respiratory syndrome coronavirus 2,IRF3 Pan troglodytes,0.8160221332997142,strong,interacts,likely
0,60,nsp15 Severe acute respiratory syndrome coronavirus 2,IRF3 Camelus dromedarius,0.9400362667200591,strong,interacts,likely
0,63,nsp15 Severe acute respiratory syndrome coronavirus 2,IRF3 Equus caballus,0.7019152607131157,strong,interacts,likely
0,64,nsp15 Severe acute respiratory syndrome coronavirus 2,IRF3 Rattus norvegicus,0.9969440342098403,strong,interacts,likely
0,66,nsp15 Severe acute respiratory syndrome coronavirus 2,IRF3 Mus musculus,0.9969889659053568,strong,interacts,likely
0,68,nsp15 Severe acute respiratory syndrome coronavirus 2,IRF3 Gallus gallus,0.5899196023632839,strong,interacts,likely
1,57,nsp15 Severe acute respiratory syndrome-related coronavirus,IRF3 Macaca mulatta,0.9879035862185236,strong,interacts,likely
1,60,nsp15 Severe acute respiratory syndrome-related coronavirus,IRF3 Camelus dromedarius,0.9882445996767545,strong,interacts,likely
1,65,nsp15 Severe acute respiratory syndrome-related coronavirus,IRF3 Mesocricetus auratus,0.9852387015904355,strong,interacts,likely
4,42,STAT1 Pan troglodytes,ORF4b Middle East respiratory syndrome-related coronavirus,0.9847730398466554,strong,interacts,likely
4,45,STAT1 Pan troglodytes,nsp1 Severe acute respiratory syndrome-related coronavirus,0.9937551313144024,strong,interacts,likely
4,154,STAT1 Pan troglodytes,ORF3b Severe acute respiratory syndrome-related coronavirus,0.9665098031807979,strong,interacts,likely
4,170,STAT1 Pan troglodytes,ORF6 Severe acute respiratory syndrome-related coronavirus,0.9039915434166446,strong,interacts,likely
6,42,STAT1 Felis catus,ORF4b Middle East respiratory syndrome-related coronavirus,0.9957163629582491,strong,interacts,likely
6,100,STAT1 Felis catus,ORF4a Middle East respiratory syndrome-related coronavirus,0.7142801377066181,strong,interacts,likely
7,45,STAT1 Camelus dromedarius,nsp1 Severe acute respiratory syndrome-related coronavirus,0.9992351436448226,strong,interacts,likely
7,154,STAT1 Camelus dromedarius,ORF3b Severe acute respiratory syndrome-related coronavirus,0.9934922732451201,strong,interacts,likely
7,170,STAT1 Camelus dromedarius,ORF6 Severe acute respiratory syndrome-related coronavirus,0.9944884948734334,strong,interacts,likely
9,45,STAT1 Canis lupus familiaris,nsp1 Severe acute respiratory syndrome-related coronavirus,0.8869807976102458,strong,interacts,likely
10,42,STAT1 Rhinolophus ferrumequinum,ORF4b Middle East respiratory syndrome-related coronavirus,0.8208327130695253,strong,interacts,likely
12,45,STAT1 Ovis aries,nsp1 Severe acute respiratory syndrome-related coronavirus,0.8416523173666196,strong,interacts,likely
12,170,STAT1 Ovis aries,ORF6 Severe acute respiratory syndrome-related coronavirus,0.6567897000332863,strong,interacts,likely
13,42,STAT1 Ictidomys tridecemlineatus,ORF4b Middle East respiratory syndrome-related coronavirus,0.9033092815977979,strong,interacts,likely
13,45,STAT1 Ictidomys tridecemlineatus,nsp1 Severe acute respiratory syndrome-related coronavirus,0.9717952553844875,strong,interacts,likely
13,100,STAT1 Ictidomys tridecemlineatus,ORF4a Middle East respiratory syndrome-related coronavirus,0.8160193980592363,strong,interacts,likely
13,170,STAT1 Ictidomys tridecemlineatus,ORF6 Severe acute respiratory syndrome-related coronavirus,0.7039514741172559,strong,interacts,likely
19,42,IRF9 Macaca mulatta,ORF4b Middle East respiratory syndrome-related coronavirus,0.9994141173057702,strong,interacts,likely
19,100,IRF9 Macaca mulatta,ORF4a Middle East respiratory syndrome-related coronavirus,0.9891653457662474,strong,interacts,likely
19,154,IRF9 Macaca mulatta,ORF3b Severe acute respiratory syndrome-related coronavirus,0.9838214909940778,strong,interacts,likely
19,170,IRF9 Macaca mulatta,ORF6 Severe acute respiratory syndrome-related coronavirus,0.9857227769850001,strong,interacts,likely
19,209,IRF9 Macaca mulatta,M protein Middle East respiratory syndrome-related coronavirus,0.9373103460700256,strong,interacts,likely
20,42,IRF9 Pan troglodytes,ORF4b Middle East respiratory syndrome-related coronavirus,0.9357887271206926,strong,interacts,likely
21,42,IRF9 Felis catus,ORF4b Middle East respiratory syndrome-related coronavirus,0.9916605092396561,strong,interacts,likely
21,100,IRF9 Felis catus,ORF4a Middle East respiratory syndrome-related coronavirus,0.9656769405174683,strong,interacts,likely
22,154,IRF9 Camelus dromedarius,ORF3b Severe acute respiratory syndrome-related coronavirus,0.9301728016481614,strong,interacts,likely
22,170,IRF9 Camelus dromedarius,ORF6 Severe acute respiratory syndrome-related coronavirus,0.9109737510942595,strong,interacts,likely
23,42,IRF9 Sus scrofa domesticus,ORF4b Middle East respiratory syndrome-related coronavirus,0.9994414889395697,strong,interacts,likely
23,100,IRF9 Sus scrofa domesticus,ORF4a Middle East respiratory syndrome-related coronavirus,0.9919350928647935,strong,interacts,likely
23,154,IRF9 Sus scrofa domesticus,ORF3b Severe acute respiratory syndrome-related coronavirus,0.8796044182268437,strong,interacts,likely
23,170,IRF9 Sus scrofa domesticus,ORF6 Severe acute respiratory syndrome-related coronavirus,0.9310272544806044,strong,interacts,likely
23,209,IRF9 Sus scrofa domesticus,M protein Middle East respiratory syndrome-related coronavirus,0.9193999442954555,strong,interacts,likely
24,42,IRF9 Equus caballus,ORF4b Middle East respiratory syndrome-related coronavirus,0.9977835421725083,strong,interacts,likely
24,100,IRF9 Equus caballus,ORF4a Middle East respiratory syndrome-related coronavirus,0.9791872176040961,strong,interacts,likely
24,154,IRF9 Equus caballus,ORF3b Severe acute respiratory syndrome-related coronavirus,0.963600543814324,strong,interacts,likely
25,42,IRF9 Rhinolophus ferrumequinum,ORF4b Middle East respiratory syndrome-related coronavirus,0.9178851646766579,strong,interacts,likely
25,100,IRF9 Rhinolophus ferrumequinum,ORF4a Middle East respiratory syndrome-related coronavirus,0.7347988868946924,strong,interacts,likely
26,42,IRF9 Ovis aries,ORF4b Middle East respiratory syndrome-related coronavirus,0.9922260850586625,strong,interacts,likely
26,100,IRF9 Ovis aries,ORF4a Middle East respiratory syndrome-related coronavirus,0.8162509016092552,strong,interacts,likely
26,154,IRF9 Ovis aries,ORF3b Severe acute respiratory syndrome-related coronavirus,0.7012489383263768,strong,interacts,likely
27,42,IRF9 Canis lupus familiaris,ORF4b Middle East respiratory syndrome-related coronavirus,0.9758696169124093,strong,interacts,likely
27,100,IRF9 Canis lupus familiaris,ORF4a Middle East respiratory syndrome-related coronavirus,0.7976867877920994,strong,interacts,likely
27,154,IRF9 Canis lupus familiaris,ORF3b Severe acute respiratory syndrome-related coronavirus,0.9239324648970493,strong,interacts,likely
27,170,IRF9 Canis lupus familiaris,ORF6 Severe acute respiratory syndrome-related coronavirus,0.9206372776725997,strong,interacts,likely
27,209,IRF9 Canis lupus familiaris,M protein Middle East respiratory syndrome-related coronavirus,0.6322103750721018,strong,interacts,likely
28,42,IRF9 Bos taurus,ORF4b Middle East respiratory syndrome-related coronavirus,0.9554303266731649,strong,interacts,likely
28,100,IRF9 Bos taurus,ORF4a Middle East respiratory syndrome-related coronavirus,0.9201044908690162,strong,interacts,likely
29,42,IRF9 Ictidomys tridecemlineatus,ORF4b Middle East respiratory syndrome-related coronavirus,0.9113489670199755,strong,interacts,likely
29,100,IRF9 Ictidomys tridecemlineatus,ORF4a Middle East respiratory syndrome-related coronavirus,0.6449890684810249,strong,interacts,likely
31,42,IRF9 Mesocricetus auratus,ORF4b Middle East respiratory syndrome-related coronavirus,0.8475201042780103,strong,interacts,likely
35,71,RIG-I Pan troglodytes,N protein Severe acute respiratory syndrome-related coronavirus,0.9987975755699954,strong,interacts,likely
35,154,RIG-I Pan troglodytes,ORF3b Severe acute respiratory syndrome-related coronavirus,0.9910673004884238,strong,interacts,likely
35,171,RIG-I Pan troglodytes,ORF6 Severe acute respiratory syndrome coronavirus 2,0.7965679441414136,strong,interacts,likely
36,71,RIG-I Macaca mulatta,N protein Severe acute respiratory syndrome-related coronavirus,0.9975371901005616,strong,interacts,likely
36,154,RIG-I Macaca mulatta,ORF3b Severe acute respiratory syndrome-related coronavirus,0.9422375777375103,strong,interacts,likely
38,71,RIG-I Canis lupus familiaris,N protein Severe acute respiratory syndrome-related coronavirus,0.9994353275997134,strong,interacts,likely
38,154,RIG-I Canis lupus familiaris,ORF3b Severe acute respiratory syndrome-related coronavirus,0.9923607231252924,strong,interacts,likely
39,71,RIG-I Mesocricetus auratus,N protein Severe acute respiratory syndrome-related coronavirus,0.9948478692626883,strong,interacts,likely
39,154,RIG-I Mesocricetus auratus,ORF3b Severe acute respiratory syndrome-related coronavirus,0.9993702641451698,strong,interacts,likely
42,137,ORF4b Middle East respiratory syndrome-related coronavirus,MDA5 Rattus norvegicus,0.7760426427364062,strong,interacts,likely
42,141,ORF4b Middle East respiratory syndrome-related coronavirus,PRKRA Homo sapiens,0.8855276068747374,strong,interacts,likely
42,175,ORF4b Middle East respiratory syndrome-related coronavirus,STAT2 Felis catus,0.9716694845313019,strong,interacts,likely
42,178,ORF4b Middle East respiratory syndrome-related coronavirus,STAT2 Rhinolophus ferrumequinum,0.8860835314578195,strong,interacts,likely
42,221,ORF4b Middle East respiratory syndrome-related coronavirus,TBK1 Bos taurus,0.9486342971681844,strong,interacts,likely
42,236,ORF4b Middle East respiratory syndrome-related coronavirus,MAVS Bos taurus,0.9336021760656288,strong,interacts,likely
42,237,ORF4b Middle East respiratory syndrome-related coronavirus,MAVS Rhinolophus ferrumequinum,0.78616930184867,strong,interacts,likely
42,238,ORF4b Middle East respiratory syndrome-related coronavirus,MAVS Felis catus,0.7854471090354564,strong,interacts,likely
42,245,ORF4b Middle East respiratory syndrome-related coronavirus,MAVS Gallus gallus,0.8561580649460363,strong,interacts,likely
45,177,nsp1 Severe acute respiratory syndrome-related coronavirus,STAT2 Camelus dromedarius,0.8700963265175166,strong,interacts,likely
49,83,Spike Human coronavirus HKU1,ACE2 Homo sapiens,0.674146884492806,strong,interacts,likely
49,97,Spike Human coronavirus HKU1,ACE2 Rhinolophus ferrumequinum,0.7156937787832567,strong,interacts,likely
50,164,Spike Middle East respiratory syndrome-related coronavirus,DPP4 Rhinolophus ferrumequinum,0.8858387277613536,strong,interacts,likely
51,84,Spike Severe acute respiratory syndrome coronavirus 2,ACE2 Pan troglodytes,0.9187047519401733,strong,interacts,likely
51,87,Spike Severe acute respiratory syndrome coronavirus 2,ACE2 Oryctolagus cuniculus,0.9565305145662341,strong,interacts,likely
51,92,Spike Severe acute respiratory syndrome coronavirus 2,ACE2 Sus scrofa domesticus,0.9900539033927656,strong,interacts,likely
51,93,Spike Severe acute respiratory syndrome coronavirus 2,ACE2 Ovis aries,0.9546354942035022,strong,interacts,likely
51,94,Spike Severe acute respiratory syndrome coronavirus 2,ACE2 Mus musculus,0.8061089451384114,strong,interacts,likely
51,96,Spike Severe acute respiratory syndrome coronavirus 2,ACE2 Rattus norvegicus,0.7473341570330363,strong,interacts,likely
51,99,Spike Severe acute respiratory syndrome coronavirus 2,ACE2 Gallus gallus,0.7677440159990532,strong,interacts,likely
52,85,Spike Severe acute respiratory syndrome-related coronavirus,ACE2 Macaca mulatta,0.9448453390018408,strong,interacts,likely
52,91,Spike Severe acute respiratory syndrome-related coronavirus,ACE2 Mesocricetus auratus,0.9342765639137628,strong,interacts,likely
52,92,Spike Severe acute respiratory syndrome-related coronavirus,ACE2 Sus scrofa domesticus,0.886192430446036,strong,interacts,likely
52,93,Spike Severe acute respiratory syndrome-related coronavirus,ACE2 Ovis aries,0.7380478481026371,strong,interacts,likely
52,98,Spike Severe acute respiratory syndrome-related coronavirus,ACE2 Canis lupus familiaris,0.9061031250153684,strong,interacts,likely
53,89,Spike Human coronavirus NL63,ACE2 Felis catus,0.6731547619363958,strong,interacts,likely
53,91,Spike Human coronavirus NL63,ACE2 Mesocricetus auratus,0.8823248829951635,strong,interacts,likely
53,98,Spike Human coronavirus NL63,ACE2 Canis lupus familiaris,0.6039537764005765,strong,interacts,likely
56,71,IRF3 Pan troglodytes,N protein Severe acute respiratory syndrome-related coronavirus,0.896075484401194,strong,interacts,likely
56,154,IRF3 Pan troglodytes,ORF3b Severe acute respiratory syndrome-related coronavirus,0.9885743668723639,strong,interacts,likely
56,170,IRF3 Pan troglodytes,ORF6 Severe acute respiratory syndrome-related coronavirus,0.7949424212231511,strong,interacts,likely
56,171,IRF3 Pan troglodytes,ORF6 Severe acute respiratory syndrome coronavirus 2,0.9907223325489206,strong,interacts,likely
56,188,IRF3 Pan troglodytes,PLpro Severe acute respiratory syndrome-related coronavirus,0.9911982671467054,strong,interacts,likely
56,209,IRF3 Pan troglodytes,M protein Middle East respiratory syndrome-related coronavirus,0.6283281523226707,strong,interacts,likely
56,211,IRF3 Pan troglodytes,M protein Severe acute respiratory syndrome-related coronavirus,0.7970921374108356,strong,interacts,likely
57,71,IRF3 Macaca mulatta,N protein Severe acute respiratory syndrome-related coronavirus,0.9939535265536104,strong,interacts,likely
57,154,IRF3 Macaca mulatta,ORF3b Severe acute respiratory syndrome-related coronavirus,0.9944428645709941,strong,interacts,likely
57,170,IRF3 Macaca mulatta,ORF6 Severe acute respiratory syndrome-related coronavirus,0.7101654751461339,strong,interacts,likely
57,188,IRF3 Macaca mulatta,PLpro Severe acute respiratory syndrome-related coronavirus,0.9941684889571825,strong,interacts,likely
58,171,IRF3 Ictidomys tridecemlineatus,ORF6 Severe acute respiratory syndrome coronavirus 2,0.8481542421261479,strong,interacts,likely
58,188,IRF3 Ictidomys tridecemlineatus,PLpro Severe acute respiratory syndrome-related coronavirus,0.5672024875548205,strong,interacts,likely
59,209,IRF3 Rhinolophus ferrumequinum,M protein Middle East respiratory syndrome-related coronavirus,0.9647540026077324,strong,interacts,likely
60,71,IRF3 Camelus dromedarius,N protein Severe acute respiratory syndrome-related coronavirus,0.9878266963925209,strong,interacts,likely
60,154,IRF3 Camelus dromedarius,ORF3b Severe acute respiratory syndrome-related coronavirus,0.9990322321110227,strong,interacts,likely
60,170,IRF3 Camelus dromedarius,ORF6 Severe acute respiratory syndrome-related coronavirus,0.978315577189282,strong,interacts,likely
60,171,IRF3 Camelus dromedarius,ORF6 Severe acute respiratory syndrome coronavirus 2,0.9797153469185802,strong,interacts,likely
60,188,IRF3 Camelus dromedarius,PLpro Severe acute respiratory syndrome-related coronavirus,0.9994242403889257,strong,interacts,likely
60,211,IRF3 Camelus dromedarius,M protein Severe acute respiratory syndrome-related coronavirus,0.9760966748433899,strong,interacts,likely
61,71,IRF3 Ovis aries,N protein Severe acute respiratory syndrome-related coronavirus,0.5311164846841698,strong,interacts,likely
61,154,IRF3 Ovis aries,ORF3b Severe acute respiratory syndrome-related coronavirus,0.9566260875565507,strong,interacts,likely
62,171,IRF3 Bos taurus,ORF6 Severe acute respiratory syndrome coronavirus 2,0.8625720179001979,strong,interacts,likely
63,171,IRF3 Equus caballus,ORF6 Severe acute respiratory syndrome coronavirus 2,0.8530097912855048,strong,interacts,likely
64,171,IRF3 Rattus norvegicus,ORF6 Severe acute respiratory syndrome coronavirus 2,0.9920615971477056,strong,interacts,likely
65,71,IRF3 Mesocricetus auratus,N protein Severe acute respiratory syndrome-related coronavirus,0.939658990842046,strong,interacts,likely
65,154,IRF3 Mesocricetus auratus,ORF3b Severe acute respiratory syndrome-related coronavirus,0.9892215544096031,strong,interacts,likely
65,170,IRF3 Mesocricetus auratus,ORF6 Severe acute respiratory syndrome-related coronavirus,0.9361527993588967,strong,interacts,likely
65,188,IRF3 Mesocricetus auratus,PLpro Severe acute respiratory syndrome-related coronavirus,0.9806752278144572,strong,interacts,likely
65,211,IRF3 Mesocricetus auratus,M protein Severe acute respiratory syndrome-related coronavirus,0.9299715781719482,strong,interacts,likely
66,171,IRF3 Mus musculus,ORF6 Severe acute respiratory syndrome coronavirus 2,0.9902817253569064,strong,interacts,likely
71,130,N protein Severe acute respiratory syndrome-related coronavirus,MDA5 Pan troglodytes,0.8261039220826782,strong,interacts,likely
71,135,N protein Severe acute respiratory syndrome-related coronavirus,MDA5 Bos taurus,0.9724385185774822,strong,interacts,likely
71,138,N protein Severe acute respiratory syndrome-related coronavirus,MDA5 Mesocricetus auratus,0.889065977077663,strong,interacts,likely
71,241,N protein Severe acute respiratory syndrome-related coronavirus,MAVS Canis lupus familiaris,0.8988856131382587,strong,interacts,likely
100,175,ORF4a Middle East respiratory syndrome-related coronavirus,STAT2 Felis catus,0.8028945303038783,strong,interacts,likely
100,216,ORF4a Middle East respiratory syndrome-related coronavirus,TBK1 Homo sapiens,0.8662618763297504,strong,interacts,likely
100,227,ORF4a Middle East respiratory syndrome-related coronavirus,TBK1 Mus musculus,0.7263750052388784,strong,interacts,likely
100,228,ORF4a Middle East respiratory syndrome-related coronavirus,TBK1 Camelus dromedarius,0.9356434135369003,strong,interacts,likely
100,229,ORF4a Middle East respiratory syndrome-related coronavirus,TBK1 Rattus norvegicus,0.9213038779853211,strong,interacts,likely
100,231,ORF4a Middle East respiratory syndrome-related coronavirus,MAVS Homo sapiens,0.8093762222923486,strong,interacts,likely
100,232,ORF4a Middle East respiratory syndrome-related coronavirus,MAVS Pan troglodytes,0.6564368818947676,strong,interacts,likely
100,239,ORF4a Middle East respiratory syndrome-related coronavirus,MAVS Camelus dromedarius,0.8640581147270888,strong,interacts,likely
100,244,ORF4a Middle East respiratory syndrome-related coronavirus,MAVS Rattus norvegicus,0.968595714637325,strong,interacts,likely
104,188,NF-kB Macaca mulatta,PLpro Severe acute respiratory syndrome-related coronavirus,0.8191406026834007,strong,interacts,likely
104,211,NF-kB Macaca mulatta,M protein Severe acute respiratory syndrome-related coronavirus,0.8001516365241479,strong,interacts,likely
114,188,NF-kB Camelus dromedarius,PLpro Severe acute respiratory syndrome-related coronavirus,0.9667156280803458,strong,interacts,likely
114,211,NF-kB Camelus dromedarius,M protein Severe acute respiratory syndrome-related coronavirus,0.983503319568193,strong,interacts,likely
154,177,ORF3b Severe acute respiratory syndrome-related coronavirus,STAT2 Camelus dromedarius,0.9809268613246034,strong,interacts,likely
154,239,ORF3b Severe acute respiratory syndrome-related coronavirus,MAVS Camelus dromedarius,0.7620610957289526,strong,interacts,likely
154,245,ORF3b Severe acute respiratory syndrome-related coronavirus,MAVS Gallus gallus,0.9864644114981636,strong,interacts,likely
170,177,ORF6 Severe acute respiratory syndrome-related coronavirus,STAT2 Camelus dromedarius,0.9843951415592517,strong,interacts,likely
170,180,ORF6 Severe acute respiratory syndrome-related coronavirus,STAT2 Ovis aries,0.8036765692470111,strong,interacts,likely
188,218,PLpro Severe acute respiratory syndrome-related coronavirus,TBK1 Macaca mulatta,0.7944306742471678,strong,interacts,likely
188,221,PLpro Severe acute respiratory syndrome-related coronavirus,TBK1 Bos taurus,0.9694926303367464,strong,interacts,likely
188,223,PLpro Severe acute respiratory syndrome-related coronavirus,TBK1 Ovis aries,0.9956926672024794,strong,interacts,likely
188,224,PLpro Severe acute respiratory syndrome-related coronavirus,TBK1 Canis lupus familiaris,0.9622995055505905,strong,interacts,likely
188,225,PLpro Severe acute respiratory syndrome-related coronavirus,TBK1 Equus caballus,0.9775481031291071,strong,interacts,likely
188,226,PLpro Severe acute respiratory syndrome-related coronavirus,TBK1 Mesocricetus auratus,0.972261702772361,strong,interacts,likely
188,228,PLpro Severe acute respiratory syndrome-related coronavirus,TBK1 Camelus dromedarius,0.999905894012411,strong,interacts,likely
188,230,PLpro Severe acute respiratory syndrome-related coronavirus,TBK1 Gallus gallus,0.9806908815764426,strong,interacts,likely
209,221,M protein Middle East respiratory syndrome-related coronavirus,TBK1 Bos taurus,0.7096713527468808,strong,interacts,likely
209,230,M protein Middle East respiratory syndrome-related coronavirus,TBK1 Gallus gallus,0.8431687504077758,strong,interacts,likely
211,216,M protein Severe acute respiratory syndrome-related coronavirus,TBK1 Homo sapiens,0.7026714377325645,strong,interacts,likely
