2,nsp15 Severe acute respiratory syndrome coronavirus 2,STAT1 Homo sapiens,0.7373573988586661,PPI
5,nsp15 Severe acute respiratory syndrome coronavirus 2,STAT1 Felis catus,0.9713063853223624,PPI
13,nsp15 Severe acute respiratory syndrome coronavirus 2,STAT1 Rattus norvegicus,0.8237011658188313,PPI
14,nsp15 Severe acute respiratory syndrome coronavirus 2,STAT1 Mus musculus,0.8569622561425008,PPI
17,nsp15 Severe acute respiratory syndrome coronavirus 2,IRF9 Homo sapiens,0.5270798911296958,PPI
20,nsp15 Severe acute respiratory syndrome coronavirus 2,IRF9 Felis catus,0.915447884074586,PPI
29,nsp15 Severe acute respiratory syndrome coronavirus 2,IRF9 Mus musculus,0.6994505272792876,PPI
31,nsp15 Severe acute respiratory syndrome coronavirus 2,IRF9 Rattus norvegicus,0.7839184074913151,PPI
35,nsp15 Severe acute respiratory syndrome coronavirus 2,RIG-I Macaca mulatta,0.8411639665634562,PPI
36,nsp15 Severe acute respiratory syndrome coronavirus 2,RIG-I Rhinolophus ferrumequinum,0.9921908506348268,PPI
56,nsp15 Severe acute respiratory syndrome coronavirus 2,IRF3 Macaca mulatta,0.61305880142587,PPI
58,nsp15 Severe acute respiratory syndrome coronavirus 2,IRF3 Rhinolophus ferrumequinum,0.9329591332735719,PPI
63,nsp15 Severe acute respiratory syndrome coronavirus 2,IRF3 Rattus norvegicus,0.912231338355232,PPI
82,nsp15 Severe acute respiratory syndrome coronavirus 2,ACE2 Homo sapiens,0.8271333764943424,PPI
88,nsp15 Severe acute respiratory syndrome coronavirus 2,ACE2 Felis catus,0.9983100375176273,PPI
93,nsp15 Severe acute respiratory syndrome coronavirus 2,ACE2 Mus musculus,0.6328834267395738,PPI
95,nsp15 Severe acute respiratory syndrome coronavirus 2,ACE2 Rattus norvegicus,0.9694848933366851,PPI
96,nsp15 Severe acute respiratory syndrome coronavirus 2,ACE2 Rhinolophus ferrumequinum,0.9711819741990373,PPI
97,nsp15 Severe acute respiratory syndrome coronavirus 2,ACE2 Canis lupus familiaris,0.6912533702734993,PPI
133,nsp15 Severe acute respiratory syndrome coronavirus 2,MDA5 Felis catus,0.9833073773710795,PPI
135,nsp15 Severe acute respiratory syndrome coronavirus 2,MDA5 Mus musculus,0.7900181559588826,PPI
136,nsp15 Severe acute respiratory syndrome coronavirus 2,MDA5 Rattus norvegicus,0.8670111428254074,PPI
138,nsp15 Severe acute respiratory syndrome coronavirus 2,MDA5 Canis lupus familiaris,0.6878617880845297,PPI
171,nsp15 Severe acute respiratory syndrome coronavirus 2,STAT2 Homo sapiens,0.6531770575623213,PPI
174,nsp15 Severe acute respiratory syndrome coronavirus 2,STAT2 Felis catus,0.949841048974564,PPI
182,nsp15 Severe acute respiratory syndrome coronavirus 2,STAT2 Rattus norvegicus,0.729847835573718,PPI
184,nsp15 Severe acute respiratory syndrome coronavirus 2,STAT2 Mus musculus,0.8533829480785219,PPI
237,nsp15 Severe acute respiratory syndrome coronavirus 2,MAVS Felis catus,0.922471774285831,PPI
243,nsp15 Severe acute respiratory syndrome coronavirus 2,MAVS Rattus norvegicus,0.8338601641791674,PPI
247,nsp15 Severe acute respiratory syndrome-related coronavirus,STAT1 Homo sapiens,0.9926824603626726,PPI
250,nsp15 Severe acute respiratory syndrome-related coronavirus,STAT1 Felis catus,0.983346896206018,PPI
254,nsp15 Severe acute respiratory syndrome-related coronavirus,STAT1 Rhinolophus ferrumequinum,0.9741945642670415,PPI
258,nsp15 Severe acute respiratory syndrome-related coronavirus,STAT1 Rattus norvegicus,0.9919047172884938,PPI
259,nsp15 Severe acute respiratory syndrome-related coronavirus,STAT1 Mus musculus,0.9591919697577684,PPI
262,nsp15 Severe acute respiratory syndrome-related coronavirus,IRF9 Homo sapiens,0.9932467513008488,PPI
265,nsp15 Severe acute respiratory syndrome-related coronavirus,IRF9 Felis catus,0.989770666391389,PPI
269,nsp15 Severe acute respiratory syndrome-related coronavirus,IRF9 Rhinolophus ferrumequinum,0.9861086722843273,PPI
274,nsp15 Severe acute respiratory syndrome-related coronavirus,IRF9 Mus musculus,0.9582041951712433,PPI
276,nsp15 Severe acute respiratory syndrome-related coronavirus,IRF9 Rattus norvegicus,0.9929843068872362,PPI
278,nsp15 Severe acute respiratory syndrome-related coronavirus,RIG-I Homo sapiens,0.9802103010076791,PPI
281,nsp15 Severe acute respiratory syndrome-related coronavirus,RIG-I Rhinolophus ferrumequinum,0.9833410063684724,PPI
284,nsp15 Severe acute respiratory syndrome-related coronavirus,RIG-I Mus musculus,0.6839036076286621,PPI
308,nsp15 Severe acute respiratory syndrome-related coronavirus,IRF3 Rattus norvegicus,0.9974050386026272,PPI
310,nsp15 Severe acute respiratory syndrome-related coronavirus,IRF3 Mus musculus,0.9904911640833852,PPI
327,nsp15 Severe acute respiratory syndrome-related coronavirus,ACE2 Homo sapiens,0.801218447859809,PPI
350,nsp15 Severe acute respiratory syndrome-related coronavirus,NF-kB Rhinolophus ferrumequinum,0.6413824121499828,PPI
355,nsp15 Severe acute respiratory syndrome-related coronavirus,NF-kB Rattus norvegicus,0.7828333828011084,PPI
373,nsp15 Severe acute respiratory syndrome-related coronavirus,MDA5 Homo sapiens,0.9929544466456308,PPI
378,nsp15 Severe acute respiratory syndrome-related coronavirus,MDA5 Felis catus,0.9921453767974556,PPI
380,nsp15 Severe acute respiratory syndrome-related coronavirus,MDA5 Mus musculus,0.9573677215876039,PPI
381,nsp15 Severe acute respiratory syndrome-related coronavirus,MDA5 Rattus norvegicus,0.9897538896704017,PPI
416,nsp15 Severe acute respiratory syndrome-related coronavirus,STAT2 Homo sapiens,0.9930223325384614,PPI
419,nsp15 Severe acute respiratory syndrome-related coronavirus,STAT2 Felis catus,0.9880880726791854,PPI
422,nsp15 Severe acute respiratory syndrome-related coronavirus,STAT2 Rhinolophus ferrumequinum,0.9893454584144123,PPI
427,nsp15 Severe acute respiratory syndrome-related coronavirus,STAT2 Rattus norvegicus,0.9937431862457139,PPI
429,nsp15 Severe acute respiratory syndrome-related coronavirus,STAT2 Mus musculus,0.9764665074834397,PPI
464,nsp15 Severe acute respiratory syndrome-related coronavirus,TBK1 Felis catus,0.6030412604459984,PPI
473,nsp15 Severe acute respiratory syndrome-related coronavirus,TBK1 Rattus norvegicus,0.7635466475361309,PPI
487,nsp15 Severe acute respiratory syndrome-related coronavirus,MAVS Mus musculus,0.7391329965600805,PPI
488,nsp15 Severe acute respiratory syndrome-related coronavirus,MAVS Rattus norvegicus,0.894392000173651,PPI
736,STAT1 Homo sapiens,nsp15 Severe acute respiratory syndrome-related coronavirus,0.9049877875600042,PPI
780,STAT1 Homo sapiens,nsp1 Middle East respiratory syndrome-related coronavirus,0.972940189268063,PPI
784,STAT1 Homo sapiens,Spike Middle East respiratory syndrome-related coronavirus,0.974881027666198,PPI
805,STAT1 Homo sapiens,N protein Severe acute respiratory syndrome-related coronavirus,0.7641905853488696,PPI
921,STAT1 Homo sapiens,PLpro Middle East respiratory syndrome-related coronavirus,0.9909900305528827,PPI
922,STAT1 Homo sapiens,PLpro Severe acute respiratory syndrome-related coronavirus,0.9317131373210398,PPI
945,STAT1 Homo sapiens,M protein Severe acute respiratory syndrome-related coronavirus,0.9138902136848939,PPI
1470,STAT1 Felis catus,nsp15 Severe acute respiratory syndrome coronavirus 2,0.8359634175533357,PPI
1471,STAT1 Felis catus,nsp15 Severe acute respiratory syndrome-related coronavirus,0.9394841380710517,PPI
1521,STAT1 Felis catus,Spike Severe acute respiratory syndrome-related coronavirus,0.7110656719173084,PPI
1540,STAT1 Felis catus,N protein Severe acute respiratory syndrome-related coronavirus,0.8272525011279316,PPI
1640,STAT1 Felis catus,ORF6 Severe acute respiratory syndrome coronavirus 2,0.8658280671063664,PPI
1657,STAT1 Felis catus,PLpro Severe acute respiratory syndrome-related coronavirus,0.7736064643081954,PPI
1680,STAT1 Felis catus,M protein Severe acute respiratory syndrome-related coronavirus,0.6527813868125468,PPI
1760,STAT1 Camelus dromedarius,nsp1 Middle East respiratory syndrome-related coronavirus,0.9884207622671237,PPI
1764,STAT1 Camelus dromedarius,Spike Middle East respiratory syndrome-related coronavirus,0.9081170395988251,PPI
1901,STAT1 Camelus dromedarius,PLpro Middle East respiratory syndrome-related coronavirus,0.9698908771914142,PPI
2451,STAT1 Rhinolophus ferrumequinum,nsp15 Severe acute respiratory syndrome-related coronavirus,0.9102483740666959,PPI
2501,STAT1 Rhinolophus ferrumequinum,Spike Severe acute respiratory syndrome-related coronavirus,0.592815827490113,PPI
2520,STAT1 Rhinolophus ferrumequinum,N protein Severe acute respiratory syndrome-related coronavirus,0.5690492587080378,PPI
2637,STAT1 Rhinolophus ferrumequinum,PLpro Severe acute respiratory syndrome-related coronavirus,0.8983964744762125,PPI
2660,STAT1 Rhinolophus ferrumequinum,M protein Severe acute respiratory syndrome-related coronavirus,0.8453461054547575,PPI
3431,STAT1 Rattus norvegicus,nsp15 Severe acute respiratory syndrome-related coronavirus,0.9316869125680844,PPI
3500,STAT1 Rattus norvegicus,N protein Severe acute respiratory syndrome-related coronavirus,0.5640982246198842,PPI
3616,STAT1 Rattus norvegicus,PLpro Middle East respiratory syndrome-related coronavirus,0.877932293335042,PPI
3617,STAT1 Rattus norvegicus,PLpro Severe acute respiratory syndrome-related coronavirus,0.9691163022427688,PPI
3640,STAT1 Rattus norvegicus,M protein Severe acute respiratory syndrome-related coronavirus,0.8790884782479423,PPI
3676,STAT1 Mus musculus,nsp15 Severe acute respiratory syndrome-related coronavirus,0.9488981780708314,PPI
3720,STAT1 Mus musculus,nsp1 Middle East respiratory syndrome-related coronavirus,0.6664065106875714,PPI
3745,STAT1 Mus musculus,N protein Severe acute respiratory syndrome-related coronavirus,0.8026671162821692,PPI
3861,STAT1 Mus musculus,PLpro Middle East respiratory syndrome-related coronavirus,0.9413466558330995,PPI
3862,STAT1 Mus musculus,PLpro Severe acute respiratory syndrome-related coronavirus,0.9561923743919537,PPI
3885,STAT1 Mus musculus,M protein Severe acute respiratory syndrome-related coronavirus,0.7241515258480576,PPI
4454,IRF9 Homo sapiens,nsp1 Severe acute respiratory syndrome-related coronavirus,0.677927522601695,PPI
4455,IRF9 Homo sapiens,nsp1 Middle East respiratory syndrome-related coronavirus,0.9698345135345238,PPI
4459,IRF9 Homo sapiens,Spike Middle East respiratory syndrome-related coronavirus,0.9271434712224002,PPI
4596,IRF9 Homo sapiens,PLpro Middle East respiratory syndrome-related coronavirus,0.9873730846151546,PPI
4597,IRF9 Homo sapiens,PLpro Severe acute respiratory syndrome-related coronavirus,0.5426581537303781,PPI
5146,IRF9 Felis catus,nsp15 Severe acute respiratory syndrome-related coronavirus,0.5908351353627032,PPI
5189,IRF9 Felis catus,nsp1 Severe acute respiratory syndrome-related coronavirus,0.7874197811820799,PPI
5435,IRF9 Camelus dromedarius,nsp1 Middle East respiratory syndrome-related coronavirus,0.9777567899247318,PPI
5439,IRF9 Camelus dromedarius,Spike Middle East respiratory syndrome-related coronavirus,0.7029492590637672,PPI
5576,IRF9 Camelus dromedarius,PLpro Middle East respiratory syndrome-related coronavirus,0.8979660240582035,PPI
6126,IRF9 Rhinolophus ferrumequinum,nsp15 Severe acute respiratory syndrome-related coronavirus,0.6157784998918017,PPI
6169,IRF9 Rhinolophus ferrumequinum,nsp1 Severe acute respiratory syndrome-related coronavirus,0.7637862069669745,PPI
7351,IRF9 Mus musculus,nsp15 Severe acute respiratory syndrome-related coronavirus,0.6003136832645188,PPI
7536,IRF9 Mus musculus,PLpro Middle East respiratory syndrome-related coronavirus,0.9031781624827766,PPI
7537,IRF9 Mus musculus,PLpro Severe acute respiratory syndrome-related coronavirus,0.52950775946164,PPI
7841,IRF9 Rattus norvegicus,nsp15 Severe acute respiratory syndrome-related coronavirus,0.6273384164896985,PPI
7884,IRF9 Rattus norvegicus,nsp1 Severe acute respiratory syndrome-related coronavirus,0.9100847653067198,PPI
7885,IRF9 Rattus norvegicus,nsp1 Middle East respiratory syndrome-related coronavirus,0.7640294434935344,PPI
8026,IRF9 Rattus norvegicus,PLpro Middle East respiratory syndrome-related coronavirus,0.8545099368646014,PPI
8027,IRF9 Rattus norvegicus,PLpro Severe acute respiratory syndrome-related coronavirus,0.7573664804681128,PPI
8050,IRF9 Rattus norvegicus,M protein Severe acute respiratory syndrome-related coronavirus,0.6229852313766145,PPI
8331,RIG-I Homo sapiens,nsp15 Severe acute respiratory syndrome-related coronavirus,0.9981930215595998,PPI
8372,RIG-I Homo sapiens,ORF4b Human coronavirus 229E,0.8469121927207915,PPI
8373,RIG-I Homo sapiens,nsp1 Severe acute respiratory syndrome coronavirus 2,0.9335172668643222,PPI
8374,RIG-I Homo sapiens,nsp1 Severe acute respiratory syndrome-related coronavirus,0.9962857318578052,PPI
8377,RIG-I Homo sapiens,Spike Human coronavirus OC43,0.957166686763122,PPI
8378,RIG-I Homo sapiens,Spike Human coronavirus HKU1,0.5361050596425538,PPI
8380,RIG-I Homo sapiens,Spike Severe acute respiratory syndrome coronavirus 2,0.9823169141034812,PPI
8381,RIG-I Homo sapiens,Spike Severe acute respiratory syndrome-related coronavirus,0.9935860092633904,PPI
8383,RIG-I Homo sapiens,Spike Human coronavirus 229E,0.9485174695065087,PPI
8430,RIG-I Homo sapiens,ORF4a Human coronavirus 229E,0.7887792679909507,PPI
8499,RIG-I Homo sapiens,ORF6 Severe acute respiratory syndrome-related coronavirus,0.9978233015092277,PPI
8517,RIG-I Homo sapiens,PLpro Severe acute respiratory syndrome-related coronavirus,0.8735239473952413,PPI
8540,RIG-I Homo sapiens,M protein Severe acute respiratory syndrome-related coronavirus,0.9178987432100093,PPI
8541,RIG-I Homo sapiens,M protein Severe acute respiratory syndrome coronavirus 2,0.5737417374320676,PPI
8820,RIG-I Macaca mulatta,nsp15 Severe acute respiratory syndrome coronavirus 2,0.9619136391880202,PPI
8821,RIG-I Macaca mulatta,nsp15 Severe acute respiratory syndrome-related coronavirus,0.6941894386321528,PPI
8870,RIG-I Macaca mulatta,Spike Severe acute respiratory syndrome coronavirus 2,0.9354312030512879,PPI
8973,RIG-I Macaca mulatta,ORF3b Severe acute respiratory syndrome-related coronavirus,0.6816429472858277,PPI
8990,RIG-I Macaca mulatta,ORF6 Severe acute respiratory syndrome coronavirus 2,0.9647279993773283,PPI
9065,RIG-I Rhinolophus ferrumequinum,nsp15 Severe acute respiratory syndrome coronavirus 2,0.9824358570633298,PPI
9066,RIG-I Rhinolophus ferrumequinum,nsp15 Severe acute respiratory syndrome-related coronavirus,0.9934692930160279,PPI
9108,RIG-I Rhinolophus ferrumequinum,nsp1 Severe acute respiratory syndrome coronavirus 2,0.6679369902417568,PPI
9109,RIG-I Rhinolophus ferrumequinum,nsp1 Severe acute respiratory syndrome-related coronavirus,0.9890755808371027,PPI
9112,RIG-I Rhinolophus ferrumequinum,Spike Human coronavirus OC43,0.5643655147417597,PPI
9115,RIG-I Rhinolophus ferrumequinum,Spike Severe acute respiratory syndrome coronavirus 2,0.9662200467794619,PPI
9116,RIG-I Rhinolophus ferrumequinum,Spike Severe acute respiratory syndrome-related coronavirus,0.8836532606030605,PPI
9118,RIG-I Rhinolophus ferrumequinum,Spike Human coronavirus 229E,0.5202281257163824,PPI
9234,RIG-I Rhinolophus ferrumequinum,ORF6 Severe acute respiratory syndrome-related coronavirus,0.9935690087409459,PPI
9235,RIG-I Rhinolophus ferrumequinum,ORF6 Severe acute respiratory syndrome coronavirus 2,0.9832552484770726,PPI
9252,RIG-I Rhinolophus ferrumequinum,PLpro Severe acute respiratory syndrome-related coronavirus,0.6818968580625347,PPI
9275,RIG-I Rhinolophus ferrumequinum,M protein Severe acute respiratory syndrome-related coronavirus,0.639287839627085,PPI
9311,RIG-I Canis lupus familiaris,nsp15 Severe acute respiratory syndrome-related coronavirus,0.8812871098375307,PPI
9353,RIG-I Canis lupus familiaris,nsp1 Severe acute respiratory syndrome coronavirus 2,0.8861994963475465,PPI
9354,RIG-I Canis lupus familiaris,nsp1 Severe acute respiratory syndrome-related coronavirus,0.6877900780526619,PPI
9360,RIG-I Canis lupus familiaris,Spike Severe acute respiratory syndrome coronavirus 2,0.979844865707509,PPI
9361,RIG-I Canis lupus familiaris,Spike Severe acute respiratory syndrome-related coronavirus,0.7394398089814813,PPI
9380,RIG-I Canis lupus familiaris,N protein Severe acute respiratory syndrome-related coronavirus,0.6474637574548646,PPI
9463,RIG-I Canis lupus familiaris,ORF3b Severe acute respiratory syndrome-related coronavirus,0.8926856246030841,PPI
9479,RIG-I Canis lupus familiaris,ORF6 Severe acute respiratory syndrome-related coronavirus,0.8104638172326207,PPI
9556,RIG-I Mesocricetus auratus,nsp15 Severe acute respiratory syndrome-related coronavirus,0.8107658452903644,PPI
9598,RIG-I Mesocricetus auratus,nsp1 Severe acute respiratory syndrome coronavirus 2,0.717630277451318,PPI
9605,RIG-I Mesocricetus auratus,Spike Severe acute respiratory syndrome coronavirus 2,0.9828806309508613,PPI
9606,RIG-I Mesocricetus auratus,Spike Severe acute respiratory syndrome-related coronavirus,0.667974339759043,PPI
9708,RIG-I Mesocricetus auratus,ORF3b Severe acute respiratory syndrome-related coronavirus,0.7988083550339005,PPI
9724,RIG-I Mesocricetus auratus,ORF6 Severe acute respiratory syndrome-related coronavirus,0.5962398855574729,PPI
9801,RIG-I Mus musculus,nsp15 Severe acute respiratory syndrome-related coronavirus,0.9833276025723205,PPI
9841,RIG-I Mus musculus,ORF4b Middle East respiratory syndrome-related coronavirus,0.6427854169460527,PPI
9843,RIG-I Mus musculus,nsp1 Severe acute respiratory syndrome coronavirus 2,0.8675986638082502,PPI
9844,RIG-I Mus musculus,nsp1 Severe acute respiratory syndrome-related coronavirus,0.9904294689163884,PPI
9849,RIG-I Mus musculus,Spike Middle East respiratory syndrome-related coronavirus,0.796830279616728,PPI
9850,RIG-I Mus musculus,Spike Severe acute respiratory syndrome coronavirus 2,0.905444926337485,PPI
9851,RIG-I Mus musculus,Spike Severe acute respiratory syndrome-related coronavirus,0.9258204147644645,PPI
9899,RIG-I Mus musculus,ORF4a Middle East respiratory syndrome-related coronavirus,0.6014482488059533,PPI
9969,RIG-I Mus musculus,ORF6 Severe acute respiratory syndrome-related coronavirus,0.9949361281271218,PPI
9986,RIG-I Mus musculus,PLpro Middle East respiratory syndrome-related coronavirus,0.6424159689152925,PPI
9987,RIG-I Mus musculus,PLpro Severe acute respiratory syndrome-related coronavirus,0.9339444821295492,PPI
10008,RIG-I Mus musculus,M protein Middle East respiratory syndrome-related coronavirus,0.5067358552643271,PPI
10010,RIG-I Mus musculus,M protein Severe acute respiratory syndrome-related coronavirus,0.9033749604641244,PPI
10330,ORF4b Middle East respiratory syndrome-related coronavirus,RIG-I Mus musculus,0.5534117548232521,PPI
10395,ORF4b Middle East respiratory syndrome-related coronavirus,NF-kB Rhinolophus ferrumequinum,0.6802602345556606,PPI
10418,ORF4b Middle East respiratory syndrome-related coronavirus,MDA5 Homo sapiens,0.9528595444109855,PPI
10425,ORF4b Middle East respiratory syndrome-related coronavirus,MDA5 Mus musculus,0.9849328652332799,PPI
10426,ORF4b Middle East respiratory syndrome-related coronavirus,MDA5 Rattus norvegicus,0.9543680678421405,PPI
10430,ORF4b Middle East respiratory syndrome-related coronavirus,PRKRA Homo sapiens,0.5271589932044933,PPI
10434,ORF4b Middle East respiratory syndrome-related coronavirus,PRKRA Camelus dromedarius,0.6023666921025311,PPI
10440,ORF4b Middle East respiratory syndrome-related coronavirus,PRKRA Rattus norvegicus,0.5386287991998002,PPI
10445,ORF4b Middle East respiratory syndrome-related coronavirus,DPP4 Homo sapiens,0.6136358343351455,PPI
10457,ORF4b Middle East respiratory syndrome-related coronavirus,DPP4 Camelus dromedarius,0.5844328999161393,PPI
10511,ORF4b Middle East respiratory syndrome-related coronavirus,TBK1 Rhinolophus ferrumequinum,0.8180106766722098,PPI
10814,nsp1 Severe acute respiratory syndrome coronavirus 2,RIG-I Homo sapiens,0.7217050213670789,PPI
10862,nsp1 Severe acute respiratory syndrome coronavirus 2,ACE2 Homo sapiens,0.5635501162861617,PPI
10868,nsp1 Severe acute respiratory syndrome coronavirus 2,ACE2 Felis catus,0.9523590743676871,PPI
10876,nsp1 Severe acute respiratory syndrome coronavirus 2,ACE2 Rhinolophus ferrumequinum,0.5133076939808353,PPI
11043,nsp1 Severe acute respiratory syndrome-related coronavirus,IRF9 Homo sapiens,0.9838280632242062,PPI
11046,nsp1 Severe acute respiratory syndrome-related coronavirus,IRF9 Felis catus,0.9640978444560024,PPI
11050,nsp1 Severe acute respiratory syndrome-related coronavirus,IRF9 Rhinolophus ferrumequinum,0.9755832644780481,PPI
11055,nsp1 Severe acute respiratory syndrome-related coronavirus,IRF9 Mus musculus,0.8457868050450943,PPI
11057,nsp1 Severe acute respiratory syndrome-related coronavirus,IRF9 Rattus norvegicus,0.9913909251273292,PPI
11059,nsp1 Severe acute respiratory syndrome-related coronavirus,RIG-I Homo sapiens,0.829422503163336,PPI
11062,nsp1 Severe acute respiratory syndrome-related coronavirus,RIG-I Rhinolophus ferrumequinum,0.8829827552110093,PPI
11079,nsp1 Severe acute respiratory syndrome-related coronavirus,IRF3 Homo sapiens,0.9954775048541333,PPI
11083,nsp1 Severe acute respiratory syndrome-related coronavirus,IRF3 Rhinolophus ferrumequinum,0.9837320102649999,PPI
11088,nsp1 Severe acute respiratory syndrome-related coronavirus,IRF3 Rattus norvegicus,0.9912223139750672,PPI
11090,nsp1 Severe acute respiratory syndrome-related coronavirus,IRF3 Mus musculus,0.9580545528521791,PPI
11130,nsp1 Severe acute respiratory syndrome-related coronavirus,NF-kB Rhinolophus ferrumequinum,0.6299816840810636,PPI
11135,nsp1 Severe acute respiratory syndrome-related coronavirus,NF-kB Rattus norvegicus,0.7899099677295937,PPI
11153,nsp1 Severe acute respiratory syndrome-related coronavirus,MDA5 Homo sapiens,0.9711053063294286,PPI
11158,nsp1 Severe acute respiratory syndrome-related coronavirus,MDA5 Felis catus,0.9670565333490968,PPI
11160,nsp1 Severe acute respiratory syndrome-related coronavirus,MDA5 Mus musculus,0.8239022942107447,PPI
11161,nsp1 Severe acute respiratory syndrome-related coronavirus,MDA5 Rattus norvegicus,0.9502120502123929,PPI
11253,nsp1 Severe acute respiratory syndrome-related coronavirus,TBK1 Rattus norvegicus,0.7473102715514501,PPI
11255,nsp1 Severe acute respiratory syndrome-related coronavirus,MAVS Homo sapiens,0.763224248703047,PPI
11268,nsp1 Severe acute respiratory syndrome-related coronavirus,MAVS Rattus norvegicus,0.5670701851028115,PPI
11277,nsp1 Middle East respiratory syndrome-related coronavirus,STAT1 Camelus dromedarius,0.9500973094065788,PPI
11284,nsp1 Middle East respiratory syndrome-related coronavirus,STAT1 Rattus norvegicus,0.5599107626234966,PPI
11285,nsp1 Middle East respiratory syndrome-related coronavirus,STAT1 Mus musculus,0.8742497841775877,PPI
11288,nsp1 Middle East respiratory syndrome-related coronavirus,IRF9 Homo sapiens,0.8647702839293224,PPI
11292,nsp1 Middle East respiratory syndrome-related coronavirus,IRF9 Camelus dromedarius,0.9933978166870844,PPI
11300,nsp1 Middle East respiratory syndrome-related coronavirus,IRF9 Mus musculus,0.9589996744497,PPI
11302,nsp1 Middle East respiratory syndrome-related coronavirus,IRF9 Rattus norvegicus,0.9195052625711468,PPI
11324,nsp1 Middle East respiratory syndrome-related coronavirus,IRF3 Homo sapiens,0.8925786413124849,PPI
11329,nsp1 Middle East respiratory syndrome-related coronavirus,IRF3 Camelus dromedarius,0.9986199798182521,PPI
11333,nsp1 Middle East respiratory syndrome-related coronavirus,IRF3 Rattus norvegicus,0.9231504788834776,PPI
11335,nsp1 Middle East respiratory syndrome-related coronavirus,IRF3 Mus musculus,0.9885748511991823,PPI
11371,nsp1 Middle East respiratory syndrome-related coronavirus,NF-kB Homo sapiens,0.9789557791655364,PPI
11378,nsp1 Middle East respiratory syndrome-related coronavirus,NF-kB Mus musculus,0.9563078481509152,PPI
11380,nsp1 Middle East respiratory syndrome-related coronavirus,NF-kB Rattus norvegicus,0.9089153334232933,PPI
11383,nsp1 Middle East respiratory syndrome-related coronavirus,NF-kB Camelus dromedarius,0.9942955997174382,PPI
11391,nsp1 Middle East respiratory syndrome-related coronavirus,IRF7 Camelus dromedarius,0.8470134921501897,PPI
11398,nsp1 Middle East respiratory syndrome-related coronavirus,MDA5 Homo sapiens,0.8433586604825306,PPI
11405,nsp1 Middle East respiratory syndrome-related coronavirus,MDA5 Mus musculus,0.9813245334475765,PPI
11406,nsp1 Middle East respiratory syndrome-related coronavirus,MDA5 Rattus norvegicus,0.8527366778473221,PPI
11425,nsp1 Middle East respiratory syndrome-related coronavirus,DPP4 Homo sapiens,0.5950658669071561,PPI
11441,nsp1 Middle East respiratory syndrome-related coronavirus,STAT2 Homo sapiens,0.8674151192650137,PPI
11446,nsp1 Middle East respiratory syndrome-related coronavirus,STAT2 Camelus dromedarius,0.9963514600252952,PPI
11452,nsp1 Middle East respiratory syndrome-related coronavirus,STAT2 Rattus norvegicus,0.9136593355833248,PPI
11454,nsp1 Middle East respiratory syndrome-related coronavirus,STAT2 Mus musculus,0.9657041109947175,PPI
11485,nsp1 Middle East respiratory syndrome-related coronavirus,TBK1 Homo sapiens,0.9889407349748615,PPI
11491,nsp1 Middle East respiratory syndrome-related coronavirus,TBK1 Rhinolophus ferrumequinum,0.6320769382572533,PPI
11496,nsp1 Middle East respiratory syndrome-related coronavirus,TBK1 Mus musculus,0.9935461181278991,PPI
11497,nsp1 Middle East respiratory syndrome-related coronavirus,TBK1 Camelus dromedarius,0.998076628781591,PPI
11498,nsp1 Middle East respiratory syndrome-related coronavirus,TBK1 Rattus norvegicus,0.988521621812619,PPI
11500,nsp1 Middle East respiratory syndrome-related coronavirus,MAVS Homo sapiens,0.8433033670093052,PPI
11508,nsp1 Middle East respiratory syndrome-related coronavirus,MAVS Camelus dromedarius,0.9571992615986338,PPI
11512,nsp1 Middle East respiratory syndrome-related coronavirus,MAVS Mus musculus,0.9501766867680695,PPI
11513,nsp1 Middle East respiratory syndrome-related coronavirus,MAVS Rattus norvegicus,0.68656103299143,PPI
11842,Spike Human coronavirus OC43,ACE2 Homo sapiens,0.953201000950314,PPI
12087,Spike Human coronavirus HKU1,ACE2 Homo sapiens,0.9563394356609572,PPI
12253,Spike Middle East respiratory syndrome-related coronavirus,STAT1 Homo sapiens,0.8455452520833409,PPI
12257,Spike Middle East respiratory syndrome-related coronavirus,STAT1 Camelus dromedarius,0.8812764586722629,PPI
12265,Spike Middle East respiratory syndrome-related coronavirus,STAT1 Mus musculus,0.758257383646154,PPI
12268,Spike Middle East respiratory syndrome-related coronavirus,IRF9 Homo sapiens,0.8668017977352681,PPI
12272,Spike Middle East respiratory syndrome-related coronavirus,IRF9 Camelus dromedarius,0.8941180032719686,PPI
12280,Spike Middle East respiratory syndrome-related coronavirus,IRF9 Mus musculus,0.8480633130483518,PPI
12282,Spike Middle East respiratory syndrome-related coronavirus,IRF9 Rattus norvegicus,0.6444600910570522,PPI
12290,Spike Middle East respiratory syndrome-related coronavirus,RIG-I Mus musculus,0.8921660269087058,PPI
12304,Spike Middle East respiratory syndrome-related coronavirus,IRF3 Homo sapiens,0.9831776688380073,PPI
12308,Spike Middle East respiratory syndrome-related coronavirus,IRF3 Rhinolophus ferrumequinum,0.7070020841195195,PPI
12309,Spike Middle East respiratory syndrome-related coronavirus,IRF3 Camelus dromedarius,0.9886587092319316,PPI
12313,Spike Middle East respiratory syndrome-related coronavirus,IRF3 Rattus norvegicus,0.8783316124233929,PPI
12315,Spike Middle East respiratory syndrome-related coronavirus,IRF3 Mus musculus,0.9831664899535101,PPI
12332,Spike Middle East respiratory syndrome-related coronavirus,ACE2 Homo sapiens,0.7965398607096137,PPI
12339,Spike Middle East respiratory syndrome-related coronavirus,ACE2 Camelus dromedarius,0.6675080427380558,PPI
12351,Spike Middle East respiratory syndrome-related coronavirus,NF-kB Homo sapiens,0.6202503112052198,PPI
12378,Spike Middle East respiratory syndrome-related coronavirus,MDA5 Homo sapiens,0.9766973609504983,PPI
12385,Spike Middle East respiratory syndrome-related coronavirus,MDA5 Mus musculus,0.9492149704262586,PPI
12386,Spike Middle East respiratory syndrome-related coronavirus,MDA5 Rattus norvegicus,0.8924777341142597,PPI
12415,Spike Middle East respiratory syndrome-related coronavirus,DPP4 Rattus norvegicus,0.609004401270916,PPI
12416,Spike Middle East respiratory syndrome-related coronavirus,DPP4 Mus musculus,0.5374300579267917,PPI
12421,Spike Middle East respiratory syndrome-related coronavirus,STAT2 Homo sapiens,0.8839300519111677,PPI
12426,Spike Middle East respiratory syndrome-related coronavirus,STAT2 Camelus dromedarius,0.923473931220305,PPI
12432,Spike Middle East respiratory syndrome-related coronavirus,STAT2 Rattus norvegicus,0.5755808706701908,PPI
12434,Spike Middle East respiratory syndrome-related coronavirus,STAT2 Mus musculus,0.905643322453814,PPI
12465,Spike Middle East respiratory syndrome-related coronavirus,TBK1 Homo sapiens,0.6117684105067209,PPI
12476,Spike Middle East respiratory syndrome-related coronavirus,TBK1 Mus musculus,0.5909275786037128,PPI
12480,Spike Middle East respiratory syndrome-related coronavirus,MAVS Homo sapiens,0.9378689815639809,PPI
12488,Spike Middle East respiratory syndrome-related coronavirus,MAVS Camelus dromedarius,0.876876448854679,PPI
12492,Spike Middle East respiratory syndrome-related coronavirus,MAVS Mus musculus,0.8169779422627266,PPI
12493,Spike Middle East respiratory syndrome-related coronavirus,MAVS Rattus norvegicus,0.8630010521102465,PPI
12529,Spike Severe acute respiratory syndrome coronavirus 2,RIG-I Homo sapiens,0.81642208527422,PPI
12531,Spike Severe acute respiratory syndrome coronavirus 2,RIG-I Macaca mulatta,0.5086006288978047,PPI
12534,Spike Severe acute respiratory syndrome coronavirus 2,RIG-I Mesocricetus auratus,0.8584505451217488,PPI
12559,Spike Severe acute respiratory syndrome coronavirus 2,IRF3 Mesocricetus auratus,0.7074802306469178,PPI
12590,Spike Severe acute respiratory syndrome coronavirus 2,ACE2 Rattus norvegicus,0.9428265649084345,PPI
12743,Spike Severe acute respiratory syndrome-related coronavirus,STAT1 Homo sapiens,0.9449922129856531,PPI
12746,Spike Severe acute respiratory syndrome-related coronavirus,STAT1 Felis catus,0.9261668757084817,PPI
12750,Spike Severe acute respiratory syndrome-related coronavirus,STAT1 Rhinolophus ferrumequinum,0.9209197300559496,PPI
12754,Spike Severe acute respiratory syndrome-related coronavirus,STAT1 Rattus norvegicus,0.8150462781170833,PPI
12758,Spike Severe acute respiratory syndrome-related coronavirus,IRF9 Homo sapiens,0.9226739980548291,PPI
12761,Spike Severe acute respiratory syndrome-related coronavirus,IRF9 Felis catus,0.8735829737337222,PPI
12765,Spike Severe acute respiratory syndrome-related coronavirus,IRF9 Rhinolophus ferrumequinum,0.838190481540191,PPI
12772,Spike Severe acute respiratory syndrome-related coronavirus,IRF9 Rattus norvegicus,0.7927439033879426,PPI
12774,Spike Severe acute respiratory syndrome-related coronavirus,RIG-I Homo sapiens,0.9711920265888011,PPI
12777,Spike Severe acute respiratory syndrome-related coronavirus,RIG-I Rhinolophus ferrumequinum,0.9830214739707922,PPI
12778,Spike Severe acute respiratory syndrome-related coronavirus,RIG-I Canis lupus familiaris,0.6400431669937388,PPI
12779,Spike Severe acute respiratory syndrome-related coronavirus,RIG-I Mesocricetus auratus,0.5131642445899989,PPI
12780,Spike Severe acute respiratory syndrome-related coronavirus,RIG-I Mus musculus,0.69534831735853,PPI
12794,Spike Severe acute respiratory syndrome-related coronavirus,IRF3 Homo sapiens,0.9929465318961089,PPI
12796,Spike Severe acute respiratory syndrome-related coronavirus,IRF3 Macaca mulatta,0.6383523416397537,PPI
12798,Spike Severe acute respiratory syndrome-related coronavirus,IRF3 Rhinolophus ferrumequinum,0.9851567782629848,PPI
12803,Spike Severe acute respiratory syndrome-related coronavirus,IRF3 Rattus norvegicus,0.937613646650979,PPI
12804,Spike Severe acute respiratory syndrome-related coronavirus,IRF3 Mesocricetus auratus,0.5510220971816165,PPI
12805,Spike Severe acute respiratory syndrome-related coronavirus,IRF3 Mus musculus,0.6432842823793187,PPI
12806,Spike Severe acute respiratory syndrome-related coronavirus,IRF3 Canis lupus familiaris,0.8033952955247009,PPI
12835,Spike Severe acute respiratory syndrome-related coronavirus,ACE2 Rattus norvegicus,0.7593122882194877,PPI
12868,Spike Severe acute respiratory syndrome-related coronavirus,MDA5 Homo sapiens,0.9677414680495847,PPI
12873,Spike Severe acute respiratory syndrome-related coronavirus,MDA5 Felis catus,0.9574001228452191,PPI
12876,Spike Severe acute respiratory syndrome-related coronavirus,MDA5 Rattus norvegicus,0.8756927228367629,PPI
12878,Spike Severe acute respiratory syndrome-related coronavirus,MDA5 Canis lupus familiaris,0.5030740212041162,PPI
12911,Spike Severe acute respiratory syndrome-related coronavirus,STAT2 Homo sapiens,0.9252250322777723,PPI
12914,Spike Severe acute respiratory syndrome-related coronavirus,STAT2 Felis catus,0.8921208082569123,PPI
12917,Spike Severe acute respiratory syndrome-related coronavirus,STAT2 Rhinolophus ferrumequinum,0.9118314740615319,PPI
12922,Spike Severe acute respiratory syndrome-related coronavirus,STAT2 Rattus norvegicus,0.72909725366897,PPI
12970,Spike Severe acute respiratory syndrome-related coronavirus,MAVS Homo sapiens,0.7833683381746275,PPI
12977,Spike Severe acute respiratory syndrome-related coronavirus,MAVS Felis catus,0.5903656756346721,PPI
12983,Spike Severe acute respiratory syndrome-related coronavirus,MAVS Rattus norvegicus,0.5239142366980046,PPI
13312,Spike Human coronavirus 229E,ACE2 Homo sapiens,0.9361817414762678,PPI
13520,IRF3 Homo sapiens,nsp1 Severe acute respiratory syndrome-related coronavirus,0.9980908309606356,PPI
13521,IRF3 Homo sapiens,nsp1 Middle East respiratory syndrome-related coronavirus,0.9819985239042697,PPI
13525,IRF3 Homo sapiens,Spike Middle East respiratory syndrome-related coronavirus,0.994436075770276,PPI
13526,IRF3 Homo sapiens,Spike Severe acute respiratory syndrome coronavirus 2,0.6337255821405532,PPI
13527,IRF3 Homo sapiens,Spike Severe acute respiratory syndrome-related coronavirus,0.9740130106170443,PPI
13965,IRF3 Macaca mulatta,nsp15 Severe acute respiratory syndrome coronavirus 2,0.9111680360671024,PPI
13966,IRF3 Macaca mulatta,nsp15 Severe acute respiratory syndrome-related coronavirus,0.638977945918057,PPI
14010,IRF3 Macaca mulatta,nsp1 Severe acute respiratory syndrome-related coronavirus,0.6231638074010526,PPI
14016,IRF3 Macaca mulatta,Spike Severe acute respiratory syndrome coronavirus 2,0.6531214339205854,PPI
14118,IRF3 Macaca mulatta,ORF3b Severe acute respiratory syndrome-related coronavirus,0.7843359833896071,PPI
14134,IRF3 Macaca mulatta,ORF6 Severe acute respiratory syndrome-related coronavirus,0.7810046893268139,PPI
14135,IRF3 Macaca mulatta,ORF6 Severe acute respiratory syndrome coronavirus 2,0.9312290701786413,PPI
14500,IRF3 Rhinolophus ferrumequinum,nsp1 Severe acute respiratory syndrome-related coronavirus,0.996451066441733,PPI
14506,IRF3 Rhinolophus ferrumequinum,Spike Severe acute respiratory syndrome coronavirus 2,0.7455108320055317,PPI
14507,IRF3 Rhinolophus ferrumequinum,Spike Severe acute respiratory syndrome-related coronavirus,0.7483187643063923,PPI
14625,IRF3 Rhinolophus ferrumequinum,ORF6 Severe acute respiratory syndrome coronavirus 2,0.6470185188014945,PPI
14745,IRF3 Camelus dromedarius,nsp1 Severe acute respiratory syndrome-related coronavirus,0.5335725238008358,PPI
14746,IRF3 Camelus dromedarius,nsp1 Middle East respiratory syndrome-related coronavirus,0.9968121408322699,PPI
14750,IRF3 Camelus dromedarius,Spike Middle East respiratory syndrome-related coronavirus,0.9814251751594324,PPI
14853,IRF3 Camelus dromedarius,ORF3b Severe acute respiratory syndrome-related coronavirus,0.6814449557742331,PPI
14869,IRF3 Camelus dromedarius,ORF6 Severe acute respiratory syndrome-related coronavirus,0.6864253761964348,PPI
15680,IRF3 Rattus norvegicus,nsp15 Severe acute respiratory syndrome coronavirus 2,0.8800256360153416,PPI
15681,IRF3 Rattus norvegicus,nsp15 Severe acute respiratory syndrome-related coronavirus,0.9718611835545926,PPI
15725,IRF3 Rattus norvegicus,nsp1 Severe acute respiratory syndrome-related coronavirus,0.9915151392742644,PPI
15726,IRF3 Rattus norvegicus,nsp1 Middle East respiratory syndrome-related coronavirus,0.8465423287054328,PPI
15730,IRF3 Rattus norvegicus,Spike Middle East respiratory syndrome-related coronavirus,0.5275639230761459,PPI
15969,IRF3 Mesocricetus auratus,nsp1 Severe acute respiratory syndrome coronavirus 2,0.677407216229166,PPI
15976,IRF3 Mesocricetus auratus,Spike Severe acute respiratory syndrome coronavirus 2,0.8937753840855808,PPI
15995,IRF3 Mesocricetus auratus,N protein Severe acute respiratory syndrome-related coronavirus,0.6081890958705485,PPI
16078,IRF3 Mesocricetus auratus,ORF3b Severe acute respiratory syndrome-related coronavirus,0.5318539444426494,PPI
16171,IRF3 Mus musculus,nsp15 Severe acute respiratory syndrome-related coronavirus,0.9901547911464196,PPI
16215,IRF3 Mus musculus,nsp1 Severe acute respiratory syndrome-related coronavirus,0.996123332531909,PPI
16216,IRF3 Mus musculus,nsp1 Middle East respiratory syndrome-related coronavirus,0.8588273636993063,PPI
16220,IRF3 Mus musculus,Spike Middle East respiratory syndrome-related coronavirus,0.7015888262111961,PPI
16222,IRF3 Mus musculus,Spike Severe acute respiratory syndrome-related coronavirus,0.5406415295488857,PPI
16247,IRF3 Mus musculus,virus Middle East respiratory syndrome-related coronavirus,0.547810094519719,PPI
16416,IRF3 Canis lupus familiaris,nsp15 Severe acute respiratory syndrome-related coronavirus,0.8588265745245901,PPI
16459,IRF3 Canis lupus familiaris,nsp1 Severe acute respiratory syndrome coronavirus 2,0.627477378376616,PPI
16460,IRF3 Canis lupus familiaris,nsp1 Severe acute respiratory syndrome-related coronavirus,0.8218842828519435,PPI
16466,IRF3 Canis lupus familiaris,Spike Severe acute respiratory syndrome coronavirus 2,0.8721744908049861,PPI
16467,IRF3 Canis lupus familiaris,Spike Severe acute respiratory syndrome-related coronavirus,0.6808575782922255,PPI
16485,IRF3 Canis lupus familiaris,N protein Severe acute respiratory syndrome-related coronavirus,0.8783550098027174,PPI
16568,IRF3 Canis lupus familiaris,ORF3b Severe acute respiratory syndrome-related coronavirus,0.9029227574038375,PPI
16584,IRF3 Canis lupus familiaris,ORF6 Severe acute respiratory syndrome-related coronavirus,0.9085915801765955,PPI
17238,N protein Severe acute respiratory syndrome coronavirus 2,ACE2 Felis catus,0.7612823223219876,PPI
17398,N protein Severe acute respiratory syndrome-related coronavirus,STAT1 Homo sapiens,0.9369013938657399,PPI
17401,N protein Severe acute respiratory syndrome-related coronavirus,STAT1 Felis catus,0.7804675264986971,PPI
17405,N protein Severe acute respiratory syndrome-related coronavirus,STAT1 Rhinolophus ferrumequinum,0.595852049807072,PPI
17409,N protein Severe acute respiratory syndrome-related coronavirus,STAT1 Rattus norvegicus,0.7762609471500367,PPI
17410,N protein Severe acute respiratory syndrome-related coronavirus,STAT1 Mus musculus,0.8610814304205252,PPI
17413,N protein Severe acute respiratory syndrome-related coronavirus,IRF9 Homo sapiens,0.941459527887265,PPI
17416,N protein Severe acute respiratory syndrome-related coronavirus,IRF9 Felis catus,0.8750286716172371,PPI
17420,N protein Severe acute respiratory syndrome-related coronavirus,IRF9 Rhinolophus ferrumequinum,0.6939446224373162,PPI
17425,N protein Severe acute respiratory syndrome-related coronavirus,IRF9 Mus musculus,0.9367758047483729,PPI
17427,N protein Severe acute respiratory syndrome-related coronavirus,IRF9 Rattus norvegicus,0.8094245358707441,PPI
17477,N protein Severe acute respiratory syndrome-related coronavirus,ACE2 Homo sapiens,0.9012249394458134,PPI
17503,N protein Severe acute respiratory syndrome-related coronavirus,NF-kB Mus musculus,0.5929467559726974,PPI
17566,N protein Severe acute respiratory syndrome-related coronavirus,STAT2 Homo sapiens,0.9316990922598613,PPI
17569,N protein Severe acute respiratory syndrome-related coronavirus,STAT2 Felis catus,0.8691091951069118,PPI
17572,N protein Severe acute respiratory syndrome-related coronavirus,STAT2 Rhinolophus ferrumequinum,0.7162127138089696,PPI
17577,N protein Severe acute respiratory syndrome-related coronavirus,STAT2 Rattus norvegicus,0.7839110693162702,PPI
17579,N protein Severe acute respiratory syndrome-related coronavirus,STAT2 Mus musculus,0.9450754785739082,PPI
20336,ACE2 Homo sapiens,nsp15 Severe acute respiratory syndrome-related coronavirus,0.8169135202188805,PPI
20380,ACE2 Homo sapiens,nsp1 Severe acute respiratory syndrome-related coronavirus,0.8508561476167181,PPI
20385,ACE2 Homo sapiens,Spike Middle East respiratory syndrome-related coronavirus,0.8209718194629242,PPI
20406,ACE2 Homo sapiens,N protein Severe acute respiratory syndrome-related coronavirus,0.6662608419307439,PPI
20488,ACE2 Homo sapiens,ORF3b Severe acute respiratory syndrome-related coronavirus,0.9185465504180684,PPI
20504,ACE2 Homo sapiens,ORF6 Severe acute respiratory syndrome-related coronavirus,0.9255074915894708,PPI
21975,ACE2 Felis catus,ORF6 Severe acute respiratory syndrome coronavirus 2,0.5000314392742138,PPI
23081,ACE2 Mus musculus,Spike Severe acute respiratory syndrome coronavirus 2,0.7006984825473705,PPI
23571,ACE2 Rattus norvegicus,Spike Severe acute respiratory syndrome coronavirus 2,0.8617799497279862,PPI
24540,ORF4a Middle East respiratory syndrome-related coronavirus,RIG-I Mus musculus,0.6973363244898585,PPI
24605,ORF4a Middle East respiratory syndrome-related coronavirus,NF-kB Rhinolophus ferrumequinum,0.7910931241433509,PPI
24614,ORF4a Middle East respiratory syndrome-related coronavirus,IRF7 Homo sapiens,0.9710487528255022,PPI
24621,ORF4a Middle East respiratory syndrome-related coronavirus,IRF7 Camelus dromedarius,0.9583423559243905,PPI
24622,ORF4a Middle East respiratory syndrome-related coronavirus,IRF7 Rattus norvegicus,0.6704538009721789,PPI
24655,ORF4a Middle East respiratory syndrome-related coronavirus,DPP4 Homo sapiens,0.8857317540765549,PPI
24667,ORF4a Middle East respiratory syndrome-related coronavirus,DPP4 Camelus dromedarius,0.6322791901235345,PPI
24715,ORF4a Middle East respiratory syndrome-related coronavirus,TBK1 Homo sapiens,0.9996635478373571,PPI
24721,ORF4a Middle East respiratory syndrome-related coronavirus,TBK1 Rhinolophus ferrumequinum,0.899232911992184,PPI
24726,ORF4a Middle East respiratory syndrome-related coronavirus,TBK1 Mus musculus,0.9985633189724293,PPI
24727,ORF4a Middle East respiratory syndrome-related coronavirus,TBK1 Camelus dromedarius,0.9995693012343766,PPI
24728,ORF4a Middle East respiratory syndrome-related coronavirus,TBK1 Rattus norvegicus,0.997980457614558,PPI
24730,ORF4a Middle East respiratory syndrome-related coronavirus,MAVS Homo sapiens,0.9346404649107898,PPI
24738,ORF4a Middle East respiratory syndrome-related coronavirus,MAVS Camelus dromedarius,0.9844388957714676,PPI
24742,ORF4a Middle East respiratory syndrome-related coronavirus,MAVS Mus musculus,0.7532567115116439,PPI
24743,ORF4a Middle East respiratory syndrome-related coronavirus,MAVS Rattus norvegicus,0.8692280445103907,PPI
24991,NF-kB Homo sapiens,nsp15 Severe acute respiratory syndrome-related coronavirus,0.8963728399911406,PPI
25035,NF-kB Homo sapiens,nsp1 Severe acute respiratory syndrome-related coronavirus,0.9801645295216889,PPI
25036,NF-kB Homo sapiens,nsp1 Middle East respiratory syndrome-related coronavirus,0.9836880542295854,PPI
25040,NF-kB Homo sapiens,Spike Middle East respiratory syndrome-related coronavirus,0.8132275265594097,PPI
25143,NF-kB Homo sapiens,ORF3b Severe acute respiratory syndrome-related coronavirus,0.9838997320327836,PPI
25159,NF-kB Homo sapiens,ORF6 Severe acute respiratory syndrome-related coronavirus,0.9892251933360927,PPI
25198,NF-kB Homo sapiens,M protein Middle East respiratory syndrome-related coronavirus,0.9980875787410869,PPI
25971,NF-kB Rhinolophus ferrumequinum,nsp15 Severe acute respiratory syndrome-related coronavirus,0.7239519893096951,PPI
26012,NF-kB Rhinolophus ferrumequinum,ORF4b Middle East respiratory syndrome-related coronavirus,0.5852940779729149,PPI
26015,NF-kB Rhinolophus ferrumequinum,nsp1 Severe acute respiratory syndrome-related coronavirus,0.9533712287805695,PPI
26070,NF-kB Rhinolophus ferrumequinum,ORF4a Middle East respiratory syndrome-related coronavirus,0.5516850147352622,PPI
26123,NF-kB Rhinolophus ferrumequinum,ORF3b Severe acute respiratory syndrome-related coronavirus,0.9449588333770033,PPI
26139,NF-kB Rhinolophus ferrumequinum,ORF6 Severe acute respiratory syndrome-related coronavirus,0.9733199226600194,PPI
26156,NF-kB Rhinolophus ferrumequinum,PLpro Middle East respiratory syndrome-related coronavirus,0.829989794799804,PPI
26178,NF-kB Rhinolophus ferrumequinum,M protein Middle East respiratory syndrome-related coronavirus,0.5011011008309041,PPI
26750,NF-kB Mus musculus,nsp1 Severe acute respiratory syndrome-related coronavirus,0.7727878474908007,PPI
26858,NF-kB Mus musculus,ORF3b Severe acute respiratory syndrome-related coronavirus,0.8053898751572821,PPI
26874,NF-kB Mus musculus,ORF6 Severe acute respiratory syndrome-related coronavirus,0.8603402010785629,PPI
26913,NF-kB Mus musculus,M protein Middle East respiratory syndrome-related coronavirus,0.9452190033256135,PPI
27196,NF-kB Rattus norvegicus,nsp15 Severe acute respiratory syndrome-related coronavirus,0.7553811279879015,PPI
27240,NF-kB Rattus norvegicus,nsp1 Severe acute respiratory syndrome-related coronavirus,0.9494048817609728,PPI
27241,NF-kB Rattus norvegicus,nsp1 Middle East respiratory syndrome-related coronavirus,0.7886560846411191,PPI
27348,NF-kB Rattus norvegicus,ORF3b Severe acute respiratory syndrome-related coronavirus,0.948762519072454,PPI
27364,NF-kB Rattus norvegicus,ORF6 Severe acute respiratory syndrome-related coronavirus,0.9752944494424203,PPI
27403,NF-kB Rattus norvegicus,M protein Middle East respiratory syndrome-related coronavirus,0.9246784057206233,PPI
27976,NF-kB Camelus dromedarius,nsp1 Middle East respiratory syndrome-related coronavirus,0.9851143806536171,PPI
28138,NF-kB Camelus dromedarius,M protein Middle East respiratory syndrome-related coronavirus,0.9925343790357073,PPI
28221,IRF7 Homo sapiens,nsp1 Middle East respiratory syndrome-related coronavirus,0.8312517362290244,PPI
28275,IRF7 Homo sapiens,ORF4a Middle East respiratory syndrome-related coronavirus,0.9791994019508982,PPI
28361,IRF7 Homo sapiens,PLpro Middle East respiratory syndrome-related coronavirus,0.7874954957892918,PPI
28383,IRF7 Homo sapiens,M protein Middle East respiratory syndrome-related coronavirus,0.7173401408174931,PPI
29936,IRF7 Camelus dromedarius,nsp1 Middle East respiratory syndrome-related coronavirus,0.7218357555619122,PPI
29990,IRF7 Camelus dromedarius,ORF4a Middle East respiratory syndrome-related coronavirus,0.9700408223122944,PPI
30098,IRF7 Camelus dromedarius,M protein Middle East respiratory syndrome-related coronavirus,0.5208189918892147,PPI
30235,IRF7 Rattus norvegicus,ORF4a Middle East respiratory syndrome-related coronavirus,0.7256526886038083,PPI
30970,IRF7 Mus musculus,ORF4a Middle East respiratory syndrome-related coronavirus,0.6704520656387762,PPI
31606,MDA5 Homo sapiens,nsp15 Severe acute respiratory syndrome-related coronavirus,0.9725239482491562,PPI
31647,MDA5 Homo sapiens,ORF4b Middle East respiratory syndrome-related coronavirus,0.9867517404500872,PPI
31650,MDA5 Homo sapiens,nsp1 Severe acute respiratory syndrome-related coronavirus,0.9868813820215581,PPI
31651,MDA5 Homo sapiens,nsp1 Middle East respiratory syndrome-related coronavirus,0.900022466777171,PPI
31655,MDA5 Homo sapiens,Spike Middle East respiratory syndrome-related coronavirus,0.9494937940289859,PPI
31657,MDA5 Homo sapiens,Spike Severe acute respiratory syndrome-related coronavirus,0.735248153859581,PPI
31774,MDA5 Homo sapiens,ORF6 Severe acute respiratory syndrome-related coronavirus,0.9926252268726738,PPI
31791,MDA5 Homo sapiens,PLpro Middle East respiratory syndrome-related coronavirus,0.9804233421189127,PPI
31792,MDA5 Homo sapiens,PLpro Severe acute respiratory syndrome-related coronavirus,0.9558316999463199,PPI
31813,MDA5 Homo sapiens,M protein Middle East respiratory syndrome-related coronavirus,0.9797353522854825,PPI
31815,MDA5 Homo sapiens,M protein Severe acute respiratory syndrome-related coronavirus,0.931170515960163,PPI
32830,MDA5 Felis catus,nsp15 Severe acute respiratory syndrome coronavirus 2,0.6203971466221593,PPI
32831,MDA5 Felis catus,nsp15 Severe acute respiratory syndrome-related coronavirus,0.8856658097660399,PPI
32875,MDA5 Felis catus,nsp1 Severe acute respiratory syndrome-related coronavirus,0.9695115184645193,PPI
32999,MDA5 Felis catus,ORF6 Severe acute respiratory syndrome-related coronavirus,0.982164177076803,PPI
33000,MDA5 Felis catus,ORF6 Severe acute respiratory syndrome coronavirus 2,0.6956979648610533,PPI
33017,MDA5 Felis catus,PLpro Severe acute respiratory syndrome-related coronavirus,0.5263259774452795,PPI
33320,MDA5 Mus musculus,nsp15 Severe acute respiratory syndrome coronavirus 2,0.6476498971871952,PPI
33321,MDA5 Mus musculus,nsp15 Severe acute respiratory syndrome-related coronavirus,0.9365595101420074,PPI
33362,MDA5 Mus musculus,ORF4b Middle East respiratory syndrome-related coronavirus,0.784071170001949,PPI
33365,MDA5 Mus musculus,nsp1 Severe acute respiratory syndrome-related coronavirus,0.9700425605423891,PPI
33489,MDA5 Mus musculus,ORF6 Severe acute respiratory syndrome-related coronavirus,0.98320725807647,PPI
33490,MDA5 Mus musculus,ORF6 Severe acute respiratory syndrome coronavirus 2,0.7070593877227588,PPI
33506,MDA5 Mus musculus,PLpro Middle East respiratory syndrome-related coronavirus,0.8668282435601229,PPI
33507,MDA5 Mus musculus,PLpro Severe acute respiratory syndrome-related coronavirus,0.920580615522683,PPI
33528,MDA5 Mus musculus,M protein Middle East respiratory syndrome-related coronavirus,0.8645448288075771,PPI
33530,MDA5 Mus musculus,M protein Severe acute respiratory syndrome-related coronavirus,0.6742573187471537,PPI
33565,MDA5 Rattus norvegicus,nsp15 Severe acute respiratory syndrome coronavirus 2,0.539678115496601,PPI
33566,MDA5 Rattus norvegicus,nsp15 Severe acute respiratory syndrome-related coronavirus,0.8934671026242932,PPI
33607,MDA5 Rattus norvegicus,ORF4b Middle East respiratory syndrome-related coronavirus,0.9232679352359117,PPI
33610,MDA5 Rattus norvegicus,nsp1 Severe acute respiratory syndrome-related coronavirus,0.9610558027686291,PPI
33611,MDA5 Rattus norvegicus,nsp1 Middle East respiratory syndrome-related coronavirus,0.5875772460026037,PPI
33734,MDA5 Rattus norvegicus,ORF6 Severe acute respiratory syndrome-related coronavirus,0.9798844730988902,PPI
33735,MDA5 Rattus norvegicus,ORF6 Severe acute respiratory syndrome coronavirus 2,0.6197783984525522,PPI
33751,MDA5 Rattus norvegicus,PLpro Middle East respiratory syndrome-related coronavirus,0.769362420656224,PPI
33752,MDA5 Rattus norvegicus,PLpro Severe acute respiratory syndrome-related coronavirus,0.9008585237251308,PPI
33773,MDA5 Rattus norvegicus,M protein Middle East respiratory syndrome-related coronavirus,0.7726087821999259,PPI
33775,MDA5 Rattus norvegicus,M protein Severe acute respiratory syndrome-related coronavirus,0.5968202153973253,PPI
33810,MDA5 Mesocricetus auratus,nsp15 Severe acute respiratory syndrome coronavirus 2,0.5515763683836981,PPI
33980,MDA5 Mesocricetus auratus,ORF6 Severe acute respiratory syndrome coronavirus 2,0.63104560795041,PPI
34587,PRKRA Homo sapiens,ORF4b Middle East respiratory syndrome-related coronavirus,0.9986535537086663,PPI
34590,PRKRA Homo sapiens,nsp1 Severe acute respiratory syndrome-related coronavirus,0.5276606763722015,PPI
34591,PRKRA Homo sapiens,nsp1 Middle East respiratory syndrome-related coronavirus,0.9857474672690473,PPI
34595,PRKRA Homo sapiens,Spike Middle East respiratory syndrome-related coronavirus,0.8601674305839255,PPI
34714,PRKRA Homo sapiens,ORF6 Severe acute respiratory syndrome-related coronavirus,0.6901394522794585,PPI
34731,PRKRA Homo sapiens,PLpro Middle East respiratory syndrome-related coronavirus,0.9617443718176609,PPI
34753,PRKRA Homo sapiens,M protein Middle East respiratory syndrome-related coronavirus,0.9790562093316914,PPI
35567,PRKRA Camelus dromedarius,ORF4b Middle East respiratory syndrome-related coronavirus,0.9946277625019974,PPI
35571,PRKRA Camelus dromedarius,nsp1 Middle East respiratory syndrome-related coronavirus,0.9611034928013724,PPI
35711,PRKRA Camelus dromedarius,PLpro Middle East respiratory syndrome-related coronavirus,0.5923562963379556,PPI
35733,PRKRA Camelus dromedarius,M protein Middle East respiratory syndrome-related coronavirus,0.9490481072102076,PPI
36057,PRKRA Mus musculus,ORF4b Middle East respiratory syndrome-related coronavirus,0.9709155024026694,PPI
36061,PRKRA Mus musculus,nsp1 Middle East respiratory syndrome-related coronavirus,0.7850201165763003,PPI
36201,PRKRA Mus musculus,PLpro Middle East respiratory syndrome-related coronavirus,0.8714562960570055,PPI
36223,PRKRA Mus musculus,M protein Middle East respiratory syndrome-related coronavirus,0.8727750161640526,PPI
37037,PRKRA Rattus norvegicus,ORF4b Middle East respiratory syndrome-related coronavirus,0.9800826648359546,PPI
37041,PRKRA Rattus norvegicus,nsp1 Middle East respiratory syndrome-related coronavirus,0.8408929451466386,PPI
37181,PRKRA Rattus norvegicus,PLpro Middle East respiratory syndrome-related coronavirus,0.508104457506794,PPI
37203,PRKRA Rattus norvegicus,M protein Middle East respiratory syndrome-related coronavirus,0.6943387376379194,PPI
37813,ORF3b Severe acute respiratory syndrome-related coronavirus,ACE2 Homo sapiens,0.6872138101488687,PPI
37836,ORF3b Severe acute respiratory syndrome-related coronavirus,NF-kB Rhinolophus ferrumequinum,0.5703999555482481,PPI
37841,ORF3b Severe acute respiratory syndrome-related coronavirus,NF-kB Rattus norvegicus,0.7452417321790461,PPI
37958,ORF3b Severe acute respiratory syndrome-related coronavirus,TBK1 Rattus norvegicus,0.704120676483234,PPI
38262,DPP4 Homo sapiens,ORF4b Middle East respiratory syndrome-related coronavirus,0.9997249315555221,PPI
38266,DPP4 Homo sapiens,nsp1 Middle East respiratory syndrome-related coronavirus,0.9988634049829546,PPI
38320,DPP4 Homo sapiens,ORF4a Middle East respiratory syndrome-related coronavirus,0.9998134022363337,PPI
38389,DPP4 Homo sapiens,ORF6 Severe acute respiratory syndrome-related coronavirus,0.5532369707756366,PPI
38406,DPP4 Homo sapiens,PLpro Middle East respiratory syndrome-related coronavirus,0.9985133295517133,PPI
38428,DPP4 Homo sapiens,M protein Middle East respiratory syndrome-related coronavirus,0.998243870510208,PPI
40222,DPP4 Rhinolophus ferrumequinum,ORF4b Middle East respiratory syndrome-related coronavirus,0.8738889163724507,PPI
40225,DPP4 Rhinolophus ferrumequinum,nsp1 Severe acute respiratory syndrome-related coronavirus,0.6946940412853738,PPI
40226,DPP4 Rhinolophus ferrumequinum,nsp1 Middle East respiratory syndrome-related coronavirus,0.5220873464973549,PPI
40280,DPP4 Rhinolophus ferrumequinum,ORF4a Middle East respiratory syndrome-related coronavirus,0.8501496010075205,PPI
40334,DPP4 Rhinolophus ferrumequinum,ORF3b Severe acute respiratory syndrome-related coronavirus,0.6834070209622827,PPI
40349,DPP4 Rhinolophus ferrumequinum,ORF6 Severe acute respiratory syndrome-related coronavirus,0.8028885439676501,PPI
40388,DPP4 Rhinolophus ferrumequinum,M protein Middle East respiratory syndrome-related coronavirus,0.6789105589977331,PPI
40671,DPP4 Rattus norvegicus,nsp15 Severe acute respiratory syndrome-related coronavirus,0.5004714716668035,PPI
40712,DPP4 Rattus norvegicus,ORF4b Middle East respiratory syndrome-related coronavirus,0.9970209897917697,PPI
40715,DPP4 Rattus norvegicus,nsp1 Severe acute respiratory syndrome-related coronavirus,0.8454649688309671,PPI
40716,DPP4 Rattus norvegicus,nsp1 Middle East respiratory syndrome-related coronavirus,0.9791280037268149,PPI
40720,DPP4 Rattus norvegicus,Spike Middle East respiratory syndrome-related coronavirus,0.8335827053666606,PPI
40770,DPP4 Rattus norvegicus,ORF4a Middle East respiratory syndrome-related coronavirus,0.9971238095489842,PPI
40824,DPP4 Rattus norvegicus,ORF3b Severe acute respiratory syndrome-related coronavirus,0.8548109241249643,PPI
40839,DPP4 Rattus norvegicus,ORF6 Severe acute respiratory syndrome-related coronavirus,0.9258701016267935,PPI
40856,DPP4 Rattus norvegicus,PLpro Middle East respiratory syndrome-related coronavirus,0.9833693771230986,PPI
40857,DPP4 Rattus norvegicus,PLpro Severe acute respiratory syndrome-related coronavirus,0.6702573267382599,PPI
40878,DPP4 Rattus norvegicus,M protein Middle East respiratory syndrome-related coronavirus,0.9639820216872818,PPI
40880,DPP4 Rattus norvegicus,M protein Severe acute respiratory syndrome-related coronavirus,0.5846863422298546,PPI
40957,DPP4 Mus musculus,ORF4b Middle East respiratory syndrome-related coronavirus,0.9934859696118896,PPI
40960,DPP4 Mus musculus,nsp1 Severe acute respiratory syndrome-related coronavirus,0.7779383459728731,PPI
40961,DPP4 Mus musculus,nsp1 Middle East respiratory syndrome-related coronavirus,0.9499202446805223,PPI
40965,DPP4 Mus musculus,Spike Middle East respiratory syndrome-related coronavirus,0.646393897046937,PPI
41015,DPP4 Mus musculus,ORF4a Middle East respiratory syndrome-related coronavirus,0.993913469479348,PPI
41069,DPP4 Mus musculus,ORF3b Severe acute respiratory syndrome-related coronavirus,0.8107741386524409,PPI
41084,DPP4 Mus musculus,ORF6 Severe acute respiratory syndrome-related coronavirus,0.8702751786797602,PPI
41101,DPP4 Mus musculus,PLpro Middle East respiratory syndrome-related coronavirus,0.9901093523738697,PPI
41102,DPP4 Mus musculus,PLpro Severe acute respiratory syndrome-related coronavirus,0.5607856002739431,PPI
41123,DPP4 Mus musculus,M protein Middle East respiratory syndrome-related coronavirus,0.9855203629716651,PPI
41202,DPP4 Camelus dromedarius,ORF4b Middle East respiratory syndrome-related coronavirus,0.9991474653273046,PPI
41206,DPP4 Camelus dromedarius,nsp1 Middle East respiratory syndrome-related coronavirus,0.9982595326237663,PPI
41260,DPP4 Camelus dromedarius,ORF4a Middle East respiratory syndrome-related coronavirus,0.999652725362755,PPI
41346,DPP4 Camelus dromedarius,PLpro Middle East respiratory syndrome-related coronavirus,0.9722606349743473,PPI
41368,DPP4 Camelus dromedarius,M protein Middle East respiratory syndrome-related coronavirus,0.9972448342675873,PPI
41684,ORF6 Severe acute respiratory syndrome-related coronavirus,RIG-I Homo sapiens,0.7962632700730669,PPI
41687,ORF6 Severe acute respiratory syndrome-related coronavirus,RIG-I Rhinolophus ferrumequinum,0.8708469241400197,PPI
41733,ORF6 Severe acute respiratory syndrome-related coronavirus,ACE2 Homo sapiens,0.5237450669233715,PPI
41756,ORF6 Severe acute respiratory syndrome-related coronavirus,NF-kB Rhinolophus ferrumequinum,0.5424592102384203,PPI
41761,ORF6 Severe acute respiratory syndrome-related coronavirus,NF-kB Rattus norvegicus,0.7309710182853276,PPI
41779,ORF6 Severe acute respiratory syndrome-related coronavirus,MDA5 Homo sapiens,0.9636863599189831,PPI
41784,ORF6 Severe acute respiratory syndrome-related coronavirus,MDA5 Felis catus,0.9597589169751098,PPI
41786,ORF6 Severe acute respiratory syndrome-related coronavirus,MDA5 Mus musculus,0.825049107005788,PPI
41787,ORF6 Severe acute respiratory syndrome-related coronavirus,MDA5 Rattus norvegicus,0.9547115961850198,PPI
41878,ORF6 Severe acute respiratory syndrome-related coronavirus,TBK1 Rattus norvegicus,0.6739473505827958,PPI
41880,ORF6 Severe acute respiratory syndrome-related coronavirus,MAVS Homo sapiens,0.6924669648018097,PPI
41893,ORF6 Severe acute respiratory syndrome-related coronavirus,MAVS Rattus norvegicus,0.5585419416137932,PPI
41898,ORF6 Severe acute respiratory syndrome coronavirus 2,STAT1 Homo sapiens,0.6019619947240528,PPI
41901,ORF6 Severe acute respiratory syndrome coronavirus 2,STAT1 Felis catus,0.9519190639336755,PPI
41909,ORF6 Severe acute respiratory syndrome coronavirus 2,STAT1 Rattus norvegicus,0.8322475132831857,PPI
41910,ORF6 Severe acute respiratory syndrome coronavirus 2,STAT1 Mus musculus,0.8436087448834784,PPI
41916,ORF6 Severe acute respiratory syndrome coronavirus 2,IRF9 Felis catus,0.8659913224478938,PPI
41925,ORF6 Severe acute respiratory syndrome coronavirus 2,IRF9 Mus musculus,0.6704757942066898,PPI
41927,ORF6 Severe acute respiratory syndrome coronavirus 2,IRF9 Rattus norvegicus,0.793910659677238,PPI
41931,ORF6 Severe acute respiratory syndrome coronavirus 2,RIG-I Macaca mulatta,0.7774050311562677,PPI
41932,ORF6 Severe acute respiratory syndrome coronavirus 2,RIG-I Rhinolophus ferrumequinum,0.9852454393487299,PPI
41952,ORF6 Severe acute respiratory syndrome coronavirus 2,IRF3 Macaca mulatta,0.5704710042797894,PPI
41954,ORF6 Severe acute respiratory syndrome coronavirus 2,IRF3 Rhinolophus ferrumequinum,0.8922020799041743,PPI
41978,ORF6 Severe acute respiratory syndrome coronavirus 2,ACE2 Homo sapiens,0.977556195080856,PPI
41984,ORF6 Severe acute respiratory syndrome coronavirus 2,ACE2 Felis catus,0.9970054262735333,PPI
41989,ORF6 Severe acute respiratory syndrome coronavirus 2,ACE2 Mus musculus,0.6693793628730262,PPI
41991,ORF6 Severe acute respiratory syndrome coronavirus 2,ACE2 Rattus norvegicus,0.9575092497019424,PPI
41992,ORF6 Severe acute respiratory syndrome coronavirus 2,ACE2 Rhinolophus ferrumequinum,0.9656971417759465,PPI
41993,ORF6 Severe acute respiratory syndrome coronavirus 2,ACE2 Canis lupus familiaris,0.6505978610569638,PPI
42024,ORF6 Severe acute respiratory syndrome coronavirus 2,MDA5 Homo sapiens,0.6807390600635475,PPI
42029,ORF6 Severe acute respiratory syndrome coronavirus 2,MDA5 Felis catus,0.9717508580507287,PPI
42031,ORF6 Severe acute respiratory syndrome coronavirus 2,MDA5 Mus musculus,0.7717897976430258,PPI
42032,ORF6 Severe acute respiratory syndrome coronavirus 2,MDA5 Rattus norvegicus,0.823669067468708,PPI
42034,ORF6 Severe acute respiratory syndrome coronavirus 2,MDA5 Canis lupus familiaris,0.5660664987449111,PPI
42069,ORF6 Severe acute respiratory syndrome coronavirus 2,STAT2 Felis catus,0.9170650895353732,PPI
42077,ORF6 Severe acute respiratory syndrome coronavirus 2,STAT2 Rattus norvegicus,0.7400057684913509,PPI
42079,ORF6 Severe acute respiratory syndrome coronavirus 2,STAT2 Mus musculus,0.8325010532968853,PPI
42132,ORF6 Severe acute respiratory syndrome coronavirus 2,MAVS Felis catus,0.8748592366662375,PPI
42138,ORF6 Severe acute respiratory syndrome coronavirus 2,MAVS Rattus norvegicus,0.7354155457337657,PPI
42141,STAT2 Homo sapiens,nsp15 Severe acute respiratory syndrome-related coronavirus,0.7297532324017499,PPI
42186,STAT2 Homo sapiens,nsp1 Middle East respiratory syndrome-related coronavirus,0.9897606130206509,PPI
42190,STAT2 Homo sapiens,Spike Middle East respiratory syndrome-related coronavirus,0.9458726419132562,PPI
42326,STAT2 Homo sapiens,PLpro Middle East respiratory syndrome-related coronavirus,0.997095458323835,PPI
42327,STAT2 Homo sapiens,PLpro Severe acute respiratory syndrome-related coronavirus,0.8818838004646288,PPI
42350,STAT2 Homo sapiens,M protein Severe acute respiratory syndrome-related coronavirus,0.8395782487770881,PPI
42876,STAT2 Felis catus,nsp15 Severe acute respiratory syndrome-related coronavirus,0.7336301424456237,PPI
43062,STAT2 Felis catus,PLpro Severe acute respiratory syndrome-related coronavirus,0.7986864020100508,PPI
43411,STAT2 Camelus dromedarius,nsp1 Middle East respiratory syndrome-related coronavirus,0.9931605601152136,PPI
43415,STAT2 Camelus dromedarius,Spike Middle East respiratory syndrome-related coronavirus,0.790037478657243,PPI
43551,STAT2 Camelus dromedarius,PLpro Middle East respiratory syndrome-related coronavirus,0.9833811376405242,PPI
43652,STAT2 Rhinolophus ferrumequinum,ORF4b Middle East respiratory syndrome-related coronavirus,0.5757579687176348,PPI
43710,STAT2 Rhinolophus ferrumequinum,ORF4a Middle East respiratory syndrome-related coronavirus,0.5408981039469052,PPI
43797,STAT2 Rhinolophus ferrumequinum,PLpro Severe acute respiratory syndrome-related coronavirus,0.7779200211343308,PPI
43820,STAT2 Rhinolophus ferrumequinum,M protein Severe acute respiratory syndrome-related coronavirus,0.8153228070844144,PPI
44836,STAT2 Rattus norvegicus,nsp15 Severe acute respiratory syndrome-related coronavirus,0.819797324799141,PPI
44881,STAT2 Rattus norvegicus,nsp1 Middle East respiratory syndrome-related coronavirus,0.9013982628581785,PPI
45021,STAT2 Rattus norvegicus,PLpro Middle East respiratory syndrome-related coronavirus,0.9547677954715852,PPI
45022,STAT2 Rattus norvegicus,PLpro Severe acute respiratory syndrome-related coronavirus,0.9594992549709216,PPI
45045,STAT2 Rattus norvegicus,M protein Severe acute respiratory syndrome-related coronavirus,0.8587632301019729,PPI
45326,STAT2 Mus musculus,nsp15 Severe acute respiratory syndrome-related coronavirus,0.7560685589688805,PPI
45371,STAT2 Mus musculus,nsp1 Middle East respiratory syndrome-related coronavirus,0.8209535758079749,PPI
45511,STAT2 Mus musculus,PLpro Middle East respiratory syndrome-related coronavirus,0.9763207082704523,PPI
45512,STAT2 Mus musculus,PLpro Severe acute respiratory syndrome-related coronavirus,0.8872787253942992,PPI
45535,STAT2 Mus musculus,M protein Severe acute respiratory syndrome-related coronavirus,0.6405976294003551,PPI
45837,PLpro Middle East respiratory syndrome-related coronavirus,IRF9 Camelus dromedarius,0.6266229120197886,PPI
45847,PLpro Middle East respiratory syndrome-related coronavirus,IRF9 Rattus norvegicus,0.5822883794538549,PPI
45921,PLpro Middle East respiratory syndrome-related coronavirus,NF-kB Rhinolophus ferrumequinum,0.8197649701034864,PPI
45944,PLpro Middle East respiratory syndrome-related coronavirus,MDA5 Homo sapiens,0.6931306734761286,PPI
45952,PLpro Middle East respiratory syndrome-related coronavirus,MDA5 Rattus norvegicus,0.6708752299671272,PPI
45987,PLpro Middle East respiratory syndrome-related coronavirus,STAT2 Homo sapiens,0.6911445107437509,PPI
45992,PLpro Middle East respiratory syndrome-related coronavirus,STAT2 Camelus dromedarius,0.8871574308181891,PPI
45998,PLpro Middle East respiratory syndrome-related coronavirus,STAT2 Rattus norvegicus,0.8140000923920038,PPI
46000,PLpro Middle East respiratory syndrome-related coronavirus,STAT2 Mus musculus,0.7132248106138886,PPI
46036,PLpro Middle East respiratory syndrome-related coronavirus,TBK1 Rhinolophus ferrumequinum,0.8540311451057641,PPI
46063,PLpro Severe acute respiratory syndrome-related coronavirus,STAT1 Homo sapiens,0.9610353817900047,PPI
46074,PLpro Severe acute respiratory syndrome-related coronavirus,STAT1 Rattus norvegicus,0.9766507024005452,PPI
46078,PLpro Severe acute respiratory syndrome-related coronavirus,IRF9 Homo sapiens,0.984946535929369,PPI
46081,PLpro Severe acute respiratory syndrome-related coronavirus,IRF9 Felis catus,0.5956867852262054,PPI
46085,PLpro Severe acute respiratory syndrome-related coronavirus,IRF9 Rhinolophus ferrumequinum,0.6096579776329982,PPI
46092,PLpro Severe acute respiratory syndrome-related coronavirus,IRF9 Rattus norvegicus,0.9926963849745927,PPI
46120,PLpro Severe acute respiratory syndrome-related coronavirus,IRF3 Camelus dromedarius,0.6470285084474255,PPI
46189,PLpro Severe acute respiratory syndrome-related coronavirus,MDA5 Homo sapiens,0.98862341952203,PPI
46194,PLpro Severe acute respiratory syndrome-related coronavirus,MDA5 Felis catus,0.6199699075539913,PPI
46197,PLpro Severe acute respiratory syndrome-related coronavirus,MDA5 Rattus norvegicus,0.9832910210058107,PPI
46232,PLpro Severe acute respiratory syndrome-related coronavirus,STAT2 Homo sapiens,0.9954672752894586,PPI
46235,PLpro Severe acute respiratory syndrome-related coronavirus,STAT2 Felis catus,0.8363951839799846,PPI
46238,PLpro Severe acute respiratory syndrome-related coronavirus,STAT2 Rhinolophus ferrumequinum,0.9209540703895144,PPI
46243,PLpro Severe acute respiratory syndrome-related coronavirus,STAT2 Rattus norvegicus,0.9978520183178861,PPI
46245,PLpro Severe acute respiratory syndrome-related coronavirus,STAT2 Mus musculus,0.7789349995598627,PPI
51307,M protein Middle East respiratory syndrome-related coronavirus,NF-kB Homo sapiens,0.9611300969417128,PPI
51311,M protein Middle East respiratory syndrome-related coronavirus,NF-kB Rhinolophus ferrumequinum,0.5470364917001316,PPI
51314,M protein Middle East respiratory syndrome-related coronavirus,NF-kB Mus musculus,0.8181957333117913,PPI
51316,M protein Middle East respiratory syndrome-related coronavirus,NF-kB Rattus norvegicus,0.8783703604240033,PPI
51319,M protein Middle East respiratory syndrome-related coronavirus,NF-kB Camelus dromedarius,0.9763265246245988,PPI
51334,M protein Middle East respiratory syndrome-related coronavirus,MDA5 Homo sapiens,0.941821249216072,PPI
51341,M protein Middle East respiratory syndrome-related coronavirus,MDA5 Mus musculus,0.9523942851393208,PPI
51342,M protein Middle East respiratory syndrome-related coronavirus,MDA5 Rattus norvegicus,0.9349137576673897,PPI
51426,M protein Middle East respiratory syndrome-related coronavirus,TBK1 Rhinolophus ferrumequinum,0.5335746885219403,PPI
51443,M protein Middle East respiratory syndrome-related coronavirus,MAVS Camelus dromedarius,0.6949003962919825,PPI
51698,M protein Severe acute respiratory syndrome-related coronavirus,STAT1 Homo sapiens,0.976184321619135,PPI
51701,M protein Severe acute respiratory syndrome-related coronavirus,STAT1 Felis catus,0.7591111357736967,PPI
51705,M protein Severe acute respiratory syndrome-related coronavirus,STAT1 Rhinolophus ferrumequinum,0.9218668083723097,PPI
51709,M protein Severe acute respiratory syndrome-related coronavirus,STAT1 Rattus norvegicus,0.9342384149606854,PPI
51713,M protein Severe acute respiratory syndrome-related coronavirus,IRF9 Homo sapiens,0.9931648872565386,PPI
51716,M protein Severe acute respiratory syndrome-related coronavirus,IRF9 Felis catus,0.8425611603354534,PPI
51720,M protein Severe acute respiratory syndrome-related coronavirus,IRF9 Rhinolophus ferrumequinum,0.9782082996294157,PPI
51727,M protein Severe acute respiratory syndrome-related coronavirus,IRF9 Rattus norvegicus,0.9827410824079271,PPI
51824,M protein Severe acute respiratory syndrome-related coronavirus,MDA5 Homo sapiens,0.9840574290030307,PPI
51829,M protein Severe acute respiratory syndrome-related coronavirus,MDA5 Felis catus,0.8543447095446425,PPI
51832,M protein Severe acute respiratory syndrome-related coronavirus,MDA5 Rattus norvegicus,0.9120224054174666,PPI
51867,M protein Severe acute respiratory syndrome-related coronavirus,STAT2 Homo sapiens,0.9949265775642369,PPI
51870,M protein Severe acute respiratory syndrome-related coronavirus,STAT2 Felis catus,0.8698906197202031,PPI
51873,M protein Severe acute respiratory syndrome-related coronavirus,STAT2 Rhinolophus ferrumequinum,0.9924709134438839,PPI
51878,M protein Severe acute respiratory syndrome-related coronavirus,STAT2 Rattus norvegicus,0.9829983976133659,PPI
51880,M protein Severe acute respiratory syndrome-related coronavirus,STAT2 Mus musculus,0.6279088356982085,PPI
51910,M protein Severe acute respiratory syndrome-related coronavirus,TBK1 Homo sapiens,0.6843360850028068,PPI
51916,M protein Severe acute respiratory syndrome-related coronavirus,TBK1 Rhinolophus ferrumequinum,0.7202356703908334,PPI
51923,M protein Severe acute respiratory syndrome-related coronavirus,TBK1 Rattus norvegicus,0.8757407468704448,PPI
51925,M protein Severe acute respiratory syndrome-related coronavirus,MAVS Homo sapiens,0.7370999504819584,PPI
52921,TBK1 Homo sapiens,nsp15 Severe acute respiratory syndrome-related coronavirus,0.9862186835427849,PPI
52965,TBK1 Homo sapiens,nsp1 Severe acute respiratory syndrome-related coronavirus,0.997234341895093,PPI
52966,TBK1 Homo sapiens,nsp1 Middle East respiratory syndrome-related coronavirus,0.9651817204786909,PPI
52970,TBK1 Homo sapiens,Spike Middle East respiratory syndrome-related coronavirus,0.5145615920824128,PPI
52991,TBK1 Homo sapiens,N protein Severe acute respiratory syndrome-related coronavirus,0.5419531191659122,PPI
53020,TBK1 Homo sapiens,ORF4a Middle East respiratory syndrome-related coronavirus,0.9949600516935596,PPI
53074,TBK1 Homo sapiens,ORF3b Severe acute respiratory syndrome-related coronavirus,0.997694955166749,PPI
53090,TBK1 Homo sapiens,ORF6 Severe acute respiratory syndrome-related coronavirus,0.9985352942478798,PPI
53131,TBK1 Homo sapiens,M protein Severe acute respiratory syndrome-related coronavirus,0.9930671460213191,PPI
53900,TBK1 Felis catus,nsp15 Severe acute respiratory syndrome coronavirus 2,0.5694856431906868,PPI
53901,TBK1 Felis catus,nsp15 Severe acute respiratory syndrome-related coronavirus,0.7714306659775245,PPI
53945,TBK1 Felis catus,nsp1 Severe acute respiratory syndrome-related coronavirus,0.8188486469724486,PPI
54054,TBK1 Felis catus,ORF3b Severe acute respiratory syndrome-related coronavirus,0.8609828041855427,PPI
54070,TBK1 Felis catus,ORF6 Severe acute respiratory syndrome-related coronavirus,0.8986086692368856,PPI
54071,TBK1 Felis catus,ORF6 Severe acute respiratory syndrome coronavirus 2,0.660727826467936,PPI
54111,TBK1 Felis catus,M protein Severe acute respiratory syndrome-related coronavirus,0.5707470909009271,PPI
54391,TBK1 Rhinolophus ferrumequinum,nsp15 Severe acute respiratory syndrome-related coronavirus,0.9010088771044135,PPI
54435,TBK1 Rhinolophus ferrumequinum,nsp1 Severe acute respiratory syndrome-related coronavirus,0.9716938892990585,PPI
54544,TBK1 Rhinolophus ferrumequinum,ORF3b Severe acute respiratory syndrome-related coronavirus,0.9731967920011705,PPI
54560,TBK1 Rhinolophus ferrumequinum,ORF6 Severe acute respiratory syndrome-related coronavirus,0.9846708709836398,PPI
54601,TBK1 Rhinolophus ferrumequinum,M protein Severe acute respiratory syndrome-related coronavirus,0.9468425599542439,PPI
55616,TBK1 Mus musculus,nsp15 Severe acute respiratory syndrome-related coronavirus,0.8421017270343579,PPI
55660,TBK1 Mus musculus,nsp1 Severe acute respiratory syndrome-related coronavirus,0.9054604157790134,PPI
55769,TBK1 Mus musculus,ORF3b Severe acute respiratory syndrome-related coronavirus,0.9255272442746796,PPI
55785,TBK1 Mus musculus,ORF6 Severe acute respiratory syndrome-related coronavirus,0.9514532855146776,PPI
55826,TBK1 Mus musculus,M protein Severe acute respiratory syndrome-related coronavirus,0.7628235938513928,PPI
55905,TBK1 Camelus dromedarius,nsp1 Severe acute respiratory syndrome-related coronavirus,0.5293940487011571,PPI
55906,TBK1 Camelus dromedarius,nsp1 Middle East respiratory syndrome-related coronavirus,0.9917080789397863,PPI
55910,TBK1 Camelus dromedarius,Spike Middle East respiratory syndrome-related coronavirus,0.6686416271789416,PPI
55960,TBK1 Camelus dromedarius,ORF4a Middle East respiratory syndrome-related coronavirus,0.9992340415868094,PPI
56014,TBK1 Camelus dromedarius,ORF3b Severe acute respiratory syndrome-related coronavirus,0.6025656165392099,PPI
56030,TBK1 Camelus dromedarius,ORF6 Severe acute respiratory syndrome-related coronavirus,0.6940034726192537,PPI
56105,TBK1 Rattus norvegicus,nsp15 Severe acute respiratory syndrome coronavirus 2,0.5977413291816429,PPI
56106,TBK1 Rattus norvegicus,nsp15 Severe acute respiratory syndrome-related coronavirus,0.9360404484967834,PPI
56150,TBK1 Rattus norvegicus,nsp1 Severe acute respiratory syndrome-related coronavirus,0.9819629287300706,PPI
56151,TBK1 Rattus norvegicus,nsp1 Middle East respiratory syndrome-related coronavirus,0.8713066618753883,PPI
56205,TBK1 Rattus norvegicus,ORF4a Middle East respiratory syndrome-related coronavirus,0.9831037365772783,PPI
56259,TBK1 Rattus norvegicus,ORF3b Severe acute respiratory syndrome-related coronavirus,0.9839133367505809,PPI
56275,TBK1 Rattus norvegicus,ORF6 Severe acute respiratory syndrome-related coronavirus,0.991699262950396,PPI
56276,TBK1 Rattus norvegicus,ORF6 Severe acute respiratory syndrome coronavirus 2,0.703729269840282,PPI
56316,TBK1 Rattus norvegicus,M protein Severe acute respiratory syndrome-related coronavirus,0.9049637596325585,PPI
56640,MAVS Homo sapiens,nsp1 Severe acute respiratory syndrome-related coronavirus,0.9163171687729794,PPI
56645,MAVS Homo sapiens,Spike Middle East respiratory syndrome-related coronavirus,0.8685809846661253,PPI
56647,MAVS Homo sapiens,Spike Severe acute respiratory syndrome-related coronavirus,0.5911907208741698,PPI
56765,MAVS Homo sapiens,ORF6 Severe acute respiratory syndrome-related coronavirus,0.9494874853172249,PPI
56806,MAVS Homo sapiens,M protein Severe acute respiratory syndrome-related coronavirus,0.5082725598739833,PPI
58110,MAVS Rhinolophus ferrumequinum,nsp1 Severe acute respiratory syndrome-related coronavirus,0.955401870070535,PPI
58235,MAVS Rhinolophus ferrumequinum,ORF6 Severe acute respiratory syndrome-related coronavirus,0.968253542055621,PPI
58355,MAVS Felis catus,nsp1 Severe acute respiratory syndrome-related coronavirus,0.9508107263720154,PPI
58480,MAVS Felis catus,ORF6 Severe acute respiratory syndrome-related coronavirus,0.9673435535065538,PPI
58481,MAVS Felis catus,ORF6 Severe acute respiratory syndrome coronavirus 2,0.5314316969623346,PPI
58601,MAVS Camelus dromedarius,nsp1 Middle East respiratory syndrome-related coronavirus,0.827628106804356,PPI
58605,MAVS Camelus dromedarius,Spike Middle East respiratory syndrome-related coronavirus,0.858726549308655,PPI
58655,MAVS Camelus dromedarius,ORF4a Middle East respiratory syndrome-related coronavirus,0.9534989716723214,PPI
58764,MAVS Camelus dromedarius,M protein Middle East respiratory syndrome-related coronavirus,0.9035260687506471,PPI
59290,MAVS Mesocricetus auratus,nsp15 Severe acute respiratory syndrome coronavirus 2,0.5704816290774086,PPI
59461,MAVS Mesocricetus auratus,ORF6 Severe acute respiratory syndrome coronavirus 2,0.6702822613941551,PPI
59536,MAVS Mus musculus,nsp15 Severe acute respiratory syndrome-related coronavirus,0.8710805001067833,PPI
59580,MAVS Mus musculus,nsp1 Severe acute respiratory syndrome-related coronavirus,0.9211598774254371,PPI
59705,MAVS Mus musculus,ORF6 Severe acute respiratory syndrome-related coronavirus,0.951126148566076,PPI
59781,MAVS Rattus norvegicus,nsp15 Severe acute respiratory syndrome-related coronavirus,0.8498910241675138,PPI
59825,MAVS Rattus norvegicus,nsp1 Severe acute respiratory syndrome-related coronavirus,0.9424313639678812,PPI
59880,MAVS Rattus norvegicus,ORF4a Middle East respiratory syndrome-related coronavirus,0.738329171535377,PPI
59950,MAVS Rattus norvegicus,ORF6 Severe acute respiratory syndrome-related coronavirus,0.9701257198134055,PPI
